timestamp,q0,qx,qy,qz,tx,ty,tz,ndi_error_mm,pred_x,pred_y,pred_z,pred_u,pred_v,pred_w,real_x,real_y,real_z,real_u,real_v,real_w,err_x,err_y,err_z,pos_err_mm,err_u_wrap,err_v_wrap,err_w_wrap,rot_err_geodesic_deg,gimbal_lock_warning
2026-03-17 11:36:53.076,0.6958333253860474,-0.03243495151400566,-0.7133428454399109,0.076850026845932,-57.44818878173828,-58.92015838623047,-1925.2861328125,0.16148805618286133,629.2963735899573,-224.77996113054436,458.31364596399163,21.09586159006188,86.59922155173194,13.874763818051996,624.9939,-298.79062,455.38977,12.081413,87.45782,6.156422,4.302473589957231,74.01065886945563,2.923875963991634,74.1932473742457,9.014448590061875,-0.8585984482680544,7.718341818051982,1.6124273058365095,True
2026-03-17 11:36:53.125,0.6956115365028381,-0.03239951282739639,-0.7135632634162903,0.07682638615369797,-57.43424987792969,-58.91948318481445,-1925.272705078125,0.16562025249004364,629.3095074670259,-224.7835029302659,458.3030318419705,20.860401713801178,86.56639166869329,13.633981863493261,624.9939,-298.79065,455.38962,12.081376,87.45783,6.1563888,4.31560746702587,74.00714706973412,2.9134118419705146,74.19009538861395,8.77902571380119,-0.8914383313067162,7.477593063493259,1.631739968747284,True
2026-03-17 11:36:53.174,0.6957220435142517,-0.032488130033016205,-0.713447093963623,0.07686741650104523,-57.44557571411133,-58.922706604003906,-1925.280029296875,0.16178584098815918,629.3019034281099,-224.7836719449835,458.31280356005016,20.92419416926857,86.58453885889563,13.708566890378842,624.9939,-298.79062,455.38962,12.081678,87.45783,6.1566916,4.308003428109828,74.0069480550165,2.9231835600501768,74.18983930485537,8.842516169268578,-0.8732911411043744,7.551875290378831,1.6138900128093976,True
2026-03-17 11:36:53.228,0.6959142088890076,-0.032333385199308395,-0.7132812738418579,0.07673155516386032,-57.43832015991211,-58.92015838623047,-1925.305419921875,0.16176708042621613,629.2770056841039,-224.77624168290274,458.3023831099886,21.168790368502556,86.61049722910145,13.929967575667524,624.9939,-298.79062,455.38962,12.081678,87.45783,6.1566916,4.283105684103816,74.01437831709725,2.9127631099886457,74.19539999826478,9.087112368502545,-0.8473327708985607,7.773275975667531,1.6214627968734618,True
2026-03-17 11:36:53.278,0.6957559585571289,-0.03250976279377937,-0.7134088277816772,0.07690639793872833,-57.44575881958008,-58.9196662902832,-1925.265869140625,0.15783192217350006,629.3166407355333,-224.7841464810991,458.3126604016003,20.98380434894208,86.58918373352205,13.773195889803588,624.9939,-298.79062,455.38974,12.081199,87.457825,6.156212,4.322740735533216,74.00647351890089,2.9229204016002654,74.19021279012824,8.902605348942075,-0.8686412664779368,7.616983889803578,1.6081327033196537,True
2026-03-17 11:36:53.332,0.6958082914352417,-0.03235828876495361,-0.7133828997612,0.07673698663711548,-57.4425163269043,-58.92696762084961,-1925.2896728515625,0.1577870398759842,629.2904384142328,-224.7868785942473,458.308425539284,21.023133023883123,86.59589773902877,13.78652426215999,624.9939,-298.79062,455.38974,12.080896,87.45783,6.155909,4.296538414232714,74.00374140575269,2.918685539283956,74.18579857136889,8.942237023883138,-0.8619322609712299,7.630615262159978,1.6256597216772537,True
2026-03-17 11:36:53.380,0.6957443356513977,-0.032573431730270386,-0.7134084105491638,0.07698867470026016,-57.44963836669922,-58.92060470581055,-1925.2823486328125,0.157878577709198,629.3010025710596,-224.77960662233082,458.31635868175084,20.99282219306022,86.58756397256535,13.794071524106844,624.99396,-298.79062,455.38965,12.081591,87.457825,6.156599,4.307042571059583,74.01101337766917,2.9267086817508243,74.19397779204374,8.911231193060217,-0.8702610274346512,7.63747252410684,1.5997765605907652,True
2026-03-17 11:36:53.433,0.6957199573516846,-0.03241388872265816,-0.7134586572647095,0.07681120932102203,-57.433048248291016,-58.91627502441406,-1925.2655029296875,0.1644802689552307,629.3173348923847,-224.78233704537723,458.30047337766126,20.945345400056272,86.58306261356594,13.719101966941295,624.99384,-298.79077,455.38962,12.081376,87.45783,6.1563773,4.323494892384701,74.00843295462278,2.910853377661283,74.1917368975118,8.863969400056277,-0.8747673864340584,7.562724666941307,1.6234105263065404,True
2026-03-17 11:36:53.483,0.6960498690605164,-0.03233828395605087,-0.7131484150886536,0.07673445343971252,-57.446533203125,-58.92177963256836,-1925.308349609375,0.16127517819404602,629.2736396406485,-224.77685427543398,458.3086425756908,21.32278098072929,86.63024511468119,14.084909263022608,624.9939,-298.79062,455.38953,12.081251,87.45785,6.156263,4.279739640648472,74.01376572456601,2.9191125756908036,74.19484420330187,9.241529980729297,-0.8276048853188058,7.928646263022614,1.6122564801343828,True
2026-03-17 11:36:53.536,0.6957690119743347,-0.032562728971242905,-0.7133898138999939,0.07694226503372192,-57.43667984008789,-58.92509078979492,-1925.270751953125,0.1589723825454712,629.310954070408,-224.78752418291668,458.3033213254255,20.9765082777938,86.59202768034473,13.773154254535124,624.9939,-298.79062,455.38974,12.081199,87.457825,6.156212,4.3170540704079485,74.0030958170833,2.9135813254254685,74.18614494970814,8.895309277793814,-0.8657973196552575,7.616942254535132,1.6007068088902696,True
2026-03-17 11:36:53.584,0.6956608891487122,-0.03251007944345474,-0.713496744632721,0.0769505426287651,-57.449703216552734,-58.9174919128418,-1925.265625,0.16067999601364136,629.3175913549311,-224.78182171405325,458.317838088101,20.930892037047876,86.57419025737515,13.723696110132884,624.9939,-298.79062,455.38977,12.081413,87.45782,6.156422,4.323691354931043,74.00879828594674,2.9280680881009857,74.1927901712236,8.849479037047871,-0.883629742624862,7.567274110132871,1.6131132146015248,True
2026-03-17 11:36:53.636,0.695728600025177,-0.032384973019361496,-0.7134504914283752,0.07682006061077118,-57.43357849121094,-58.91374588012695,-1925.26025390625,0.16249409317970276,629.3230027629135,-224.7814313906317,458.30085840308533,21.002545139961736,86.5830276996836,13.774703187247434,624.9939,-298.79065,455.38962,12.081376,87.45783,6.1563888,4.329102762913408,74.00921860936833,2.911238403085349,74.19286272237198,8.921169139961734,-0.8748023003163894,7.6183143872474375,1.625473824444808,True
2026-03-17 11:36:53.688,0.6956515908241272,-0.03241034597158432,-0.7135242819786072,0.07682161033153534,-57.44382095336914,-58.91584396362305,-1925.255859375,0.15272752940654755,629.3266335406524,-224.7844359863643,458.31237223194387,20.885782632991898,86.57272908173456,13.659943321911822,624.99396,-298.79062,455.38965,12.081591,87.457825,6.156599,4.332673540652422,74.0061840136357,2.922722231943851,74.19049560095334,8.804191632991888,-0.8850959182654492,7.503344321911811,1.628054424383256,True
2026-03-17 11:36:53.737,0.6958444714546204,-0.03237238898873329,-0.7133424878120422,0.07677895575761795,-57.43759536743164,-58.92356872558594,-1925.294189453125,0.16152022778987885,629.2872951021347,-224.7820199974046,458.30279554784033,21.098872544100168,86.60050434696866,13.866921465744067,624.9939,-298.79062,455.38953,12.081553,87.45784,6.1565657,4.293395102134696,74.00860000259539,2.9132655478403535,74.19025024893385,9.017319544100161,-0.8573356530313276,7.710355765744055,1.6204366416605565,True
2026-03-17 11:36:53.788,0.6957980990409851,-0.03234146535396576,-0.7133908271789551,0.07676306366920471,-57.440242767333984,-58.92121124267578,-1925.296875,0.1582954227924347,629.2851126860204,-224.7793295348299,458.30603556892214,21.065250648416814,86.59308610739735,13.829386368837861,624.9939,-298.7906,455.38956,12.081465,87.45784,6.1564727,4.291212686020344,74.01127046517007,2.916475568922124,74.19291402775157,8.983785648416813,-0.8647538926026641,7.67291366883785,1.6271615941389912,True
2026-03-17 11:36:53.839,0.6958038210868835,-0.03244614973664284,-0.7133724689483643,0.07683775573968887,-57.44267654418945,-58.91865158081055,-1925.2850341796875,0.16294896602630615,629.2979176649379,-224.77886814675108,458.3086204352932,21.03279820455883,86.5956870302443,13.81153547248892,624.9939,-298.79065,455.38962,12.081376,87.45783,6.1563888,4.304017664937874,74.01178185324895,2.919000435293242,74.194265173895,8.951422204558838,-0.8621429697556948,7.655146672488911,1.6136555161091815,True
2026-03-17 11:36:53.890,0.6958273649215698,-0.03240230679512024,-0.7133558988571167,0.07679681479930878,-57.441246032714844,-58.92201232910156,-1925.2857666015625,0.1606614738702774,629.2959849202058,-224.78246774460766,458.30685839709594,21.063871229162867,86.59862580483905,13.83576423078843,624.99384,-298.79074,455.38962,12.081328,87.457825,6.156341,4.302144920205819,74.00827225539237,2.9172383970959572,74.19058628295252,8.982543229162872,-0.8591991951609543,7.679423230788416,1.6179154584684237,True
2026-03-17 11:36:53.941,0.6957336664199829,-0.032427601516246796,-0.7134435176849365,0.07682100683450699,-57.443389892578125,-58.92332458496094,-1925.2808837890625,0.1605299413204193,629.3005167458581,-224.7847483881588,458.31042057440857,20.955806354945388,86.5852906110561,13.731507702200334,624.9939,-298.79062,455.38974,12.081199,87.457825,6.156212,4.306616745858037,74.0058716118412,2.92068057440855,74.18858642568784,8.874607354945397,-0.8725343889439046,7.575295702200322,1.6207788382139114,True
2026-03-17 11:36:53.989,0.695878267288208,-0.031994350254535675,-0.7133677005767822,0.07639587670564651,-57.44403839111328,-58.92131042480469,-1925.2900390625,0.16391639411449432,629.2887510192994,-224.78594514891336,458.3090608294784,21.136871833757777,86.60213907744851,13.843054033053198,624.99384,-298.79074,455.38953,12.081553,87.45784,6.156554,4.294911019299434,74.00479485108667,2.9195308294784468,74.18678845912795,9.05531883375778,-0.8557009225514776,7.686500033053193,1.6699209958191172,True
2026-03-17 11:36:54.040,0.6958166360855103,-0.03235774487257004,-0.7133705615997314,0.07677701860666275,-57.44257736206055,-58.91657257080078,-1925.2757568359375,0.1589621603488922,629.306843825939,-224.780344100647,458.308446262041,21.083173907018466,86.59598185883601,13.849812424925865,624.9939,-298.79062,455.38953,12.081553,87.45784,6.1565657,4.312943825938987,74.01027589935299,2.918916262041023,74.19327796565442,9.001620907018463,-0.8618581411639923,7.693246724925871,1.6238222942872946,True
2026-03-17 11:36:54.093,0.6958855986595154,-0.03250977024435997,-0.7132814526557922,0.0769152119755745,-57.4382209777832,-58.92023468017578,-1925.2860107421875,0.15899603068828583,629.2971807280665,-224.77918687838908,458.30288979237605,21.142501524159748,86.60774169091727,13.932916991862365,624.9939,-298.79062,455.38974,12.081502,87.457825,6.1565146,4.303280728066397,74.0114331216109,2.913149792376032,74.19364460283678,9.06099952415974,-0.85008330908272,7.776402391862376,1.5992276315317537,True
2026-03-17 11:36:54.145,0.6958414912223816,-0.0323617160320282,-0.7133452892303467,0.0767841711640358,-57.445735931396484,-58.925209045410156,-1925.288330078125,0.1620459258556366,629.2923691114571,-224.78516357927964,458.3110596647347,21.115473016576377,86.59953980602944,13.883076711782387,624.99384,-298.79077,455.3896,12.081424,87.45784,6.1564136,4.298529111457128,74.00560642072037,2.921459664734755,74.1878835174133,9.034049016576375,-0.8583001939705639,7.726663111782386,1.6215270260540966,True
2026-03-17 11:36:54.195,0.6958885192871094,-0.03251978009939194,-0.7132778763771057,0.07691753655672073,-57.43064498901367,-58.92282485961914,-1925.300048828125,0.16170622408390045,629.283087752004,-224.77785785505998,458.2950424021582,21.136106098956105,86.60846944813503,13.927529672821677,624.9939,-298.79062,455.38953,12.081251,87.45785,6.156263,4.289187752003954,74.01276214494001,2.9055124021581946,74.19385482783936,9.054855098956097,-0.8493805518649538,7.7712666728216675,1.5979537339000787,True
2026-03-17 11:36:54.249,0.695695161819458,-0.03234568610787392,-0.7134921550750732,0.07675269991159439,-57.45631408691406,-58.91691589355469,-1925.272216796875,0.16310478746891022,629.3098185642265,-224.78183769440332,458.3240676418015,20.93053074536689,86.57858548017805,13.693920587966442,624.9939,-298.79065,455.38962,12.081376,87.45783,6.1563888,4.315918564226422,74.0088123055967,2.934447641801512,74.19260364012406,8.849154745366889,-0.8792445198219525,7.537531787966429,1.6339456366081822,True
2026-03-17 11:36:54.300,0.6957774758338928,-0.032345812767744064,-0.7134106159210205,0.07676470279693604,-57.434452056884766,-58.9184455871582,-1925.28662109375,0.1605207771062851,629.2958734524227,-224.779441538359,458.3006887904277,21.03835259249065,86.59020495357119,13.802926002417998,624.99384,-298.7907,455.38956,12.081768,87.45783,6.156764,4.302033452422734,74.011258461641,2.9111287904277106,74.19331871358801,8.956584592490657,-0.8676250464288273,7.646162002418009,1.6280127086245886,True
2026-03-17 11:36:54.350,0.6956717371940613,-0.032365188002586365,-0.7135109901428223,0.07678147405385971,-57.444862365722656,-58.91977310180664,-1925.259033203125,0.1566000133752823,629.3221507150081,-224.78791196823184,458.3130940460173,20.91537438370278,86.57510958758168,13.682642114218437,624.9939,-298.79077,455.3895,12.081768,87.45783,6.156764,4.328250715008039,74.00285803176817,2.9235940460172856,74.18695406382385,8.833606383702772,-0.8827204124183368,7.525878114218443,1.6325742011234385,True
2026-03-17 11:36:54.403,0.6956960558891296,-0.03239389508962631,-0.7134844064712524,0.07679615169763565,-57.43555450439453,-58.915428161621094,-1925.2618408203125,0.15975245833396912,629.3209227709536,-224.78273429466228,458.30338221128363,20.92488461493955,86.5792828398091,13.695735018912165,624.9939,-298.79062,455.38974,12.080896,87.45783,6.155909,4.32702277095359,74.00788570533771,2.913642211283616,74.19150614167403,8.843988614939548,-0.8785471601909194,7.5398260189121515,1.6275604728218431,True
2026-03-17 11:36:54.452,0.6957180500030518,-0.032630275934934616,-0.7134250998497009,0.07704739272594452,-57.44755172729492,-58.91061019897461,-1925.287109375,0.16241613030433655,629.299595516177,-224.767949411301,458.3145058720522,20.96455342811149,86.58421629728183,13.775147751140219,624.9939,-298.79062,455.38962,12.081328,87.457825,6.1563525,4.305695516176911,74.02267058869899,2.9248858720522435,74.2054562166799,8.883225428111501,-0.8736087027181725,7.618795251140227,1.5939324894174274,True
2026-03-17 11:36:54.506,0.6958122849464417,-0.03254694864153862,-0.7133452892303467,0.07697059214115143,-57.4497184753418,-58.914527893066406,-1925.2916259765625,0.16147467494010925,629.2934990852459,-224.771509464388,458.31529209173067,21.080903669644524,86.59694930805237,13.878687644952599,624.9939,-298.79065,455.38962,12.081376,87.45783,6.1563888,4.299599085245859,74.01914053561202,2.9256720917306893,74.20161234847166,8.999527669644522,-0.8608806919476137,7.722298844952604,1.5984930769589547,True
2026-03-17 11:36:54.555,0.6957834362983704,-0.03220812603831291,-0.7134261131286621,0.07662364840507507,-57.443199157714844,-58.91962814331055,-1925.271484375,0.16223667562007904,629.3089196609559,-224.7864567855884,458.30971329048157,21.043085626711846,86.58992452455261,13.784986532444957,624.9939,-298.7907,455.38965,12.081543,87.45782,6.156551,4.315019660955841,74.00424321441162,2.9200632904815507,74.18742601029261,8.961542626711832,-0.8678954754473693,7.628435532444968,1.6463772491900441,True
2026-03-17 11:36:54.604,0.6958323121070862,-0.03220532089471817,-0.7133800387382507,0.07661065459251404,-57.44053649902344,-58.90971755981445,-1925.279052734375,0.16362468898296356,629.3042549829221,-224.77496860184735,458.30623395148854,21.08595602154197,86.5972638624825,13.82668120221848,624.9939,-298.79062,455.38974,12.080896,87.45783,6.155909,4.310354982922036,74.01565139815264,2.916493951488519,74.1983945172719,9.005060021541965,-0.8605661375174805,7.670772202218473,1.6439353781766497,True
2026-03-17 11:36:54.655,0.6957072615623474,-0.03238143026828766,-0.7134785652160645,0.07675375789403915,-57.440185546875,-58.90919494628906,-1925.26904296875,0.1635313332080841,629.3153516931403,-224.7751219652656,458.3078388915718,20.900554258199755,86.58161720455836,13.666955581328457,624.99384,-298.79056,455.38968,12.081328,87.457825,6.1563525,4.321511693140337,74.01543803473442,2.9181588915718066,74.19889609761063,8.819226258199762,-0.8762077954416441,7.510603081328469,1.629481630271373,True
2026-03-17 11:36:54.708,0.6958483457565308,-0.03242313861846924,-0.7133284211158752,0.07685293257236481,-57.435035705566406,-58.917991638183594,-1925.286376953125,0.1600063294172287,629.296886909676,-224.77793896673714,458.3001870429901,21.131552581428515,86.60088620278171,13.90977024944777,624.99384,-298.79074,455.38962,12.081328,87.457825,6.156341,4.303046909676027,74.01280103326289,2.910567042990124,74.19489423139555,9.050224581428523,-0.8569387972182767,7.753429249447777,1.6125529642790166,True
2026-03-17 11:36:54.758,0.695693850517273,-0.032385099679231644,-0.7134871482849121,0.07679417729377747,-57.45005416870117,-58.91963195800781,-1925.2747802734375,0.16095717251300812,629.3070309867636,-224.78326654975453,458.31774153363284,20.93101740019535,86.57869805770139,13.700988720709843,624.9939,-298.7906,455.38953,12.081203,87.45784,6.1562266,4.313130986763554,74.00733345024545,2.9282115336328616,74.19071994603165,8.849814400195356,-0.8791419422986166,7.544762120709834,1.6286744716122932,True
2026-03-17 11:36:54.836,0.6958062648773193,-0.03259937837719917,-0.7133458852767944,0.07699769735336304,-57.42882537841797,-58.91009521484375,-1925.291748046875,0.16378578543663025,629.2952083579213,-224.76682314872943,458.294457118666,21.041670593975667,86.59724620290552,13.845904405103376,624.99384,-298.79077,455.38962,12.081376,87.45783,6.1563773,4.301368357921319,74.02394685127058,2.9048371186660233,74.20569085909946,8.960294593975675,-0.8605837970944776,7.689527105103366,1.592678152478699,True
2026-03-17 11:36:54.868,0.6957221627235413,-0.0323408879339695,-0.713465690612793,0.07675614953041077,-57.459632873535156,-58.913124084472656,-1925.2730712890625,0.16265960037708282,629.3099599618396,-224.77792770213628,458.3269664325983,20.9712933943703,86.58223459589027,13.734639381084666,624.9939,-298.79062,455.38974,12.081199,87.457825,6.156212,4.316059961839528,74.01269229786371,2.9372264325982655,74.19659219862326,8.890094394370294,-0.8755904041097438,7.57842738108468,1.6325031756965926,True
2026-03-17 11:36:54.917,0.6957412362098694,-0.03259351849555969,-0.7134054899215698,0.07703504711389542,-57.43082046508789,-58.924312591552734,-1925.2825927734375,0.1633310317993164,629.3003232727492,-224.7827852517305,458.2974333217067,21.021718018709606,86.58657747857502,13.828378828922565,624.9939,-298.79065,455.38962,12.081074,87.45784,6.156086,4.306423272749157,74.00786474826953,2.907813321706726,74.19005798835937,8.940644018709605,-0.871262521424967,7.672292828922565,1.5964790181456534,True
2026-03-17 11:36:54.970,0.6957924365997314,-0.03252328187227249,-0.7133690118789673,0.07694005966186523,-57.446197509765625,-58.930328369140625,-1925.289306640625,0.16423732042312622,629.2913155141163,-224.78775084409173,458.3121478977726,21.05009634795412,86.59404542049342,13.84342030582612,624.9939,-298.79062,455.38974,12.081199,87.457825,6.156212,4.29741551411621,74.00286915590826,2.9224078977725867,74.18512580921062,8.968897347954112,-0.8637795795065699,7.687208305826118,1.603215633135608,True
2026-03-17 11:36:55.020,0.6957057118415833,-0.03227159008383751,-0.7134929895401001,0.07667988538742065,-57.442325592041016,-58.91650390625,-1925.2828369140625,0.1599465161561966,629.2992939610576,-224.77962735706353,458.3097447597108,20.94521571675953,86.57941649507427,13.696674489009524,624.9939,-298.79062,455.38977,12.081461,87.457825,6.1564584,4.305393961057575,74.01099264293646,2.919974759710783,74.19359609663124,8.86375471675953,-0.8784085049257442,7.540216089009533,1.6431734078290126,True
2026-03-17 11:36:55.070,0.6957403421401978,-0.03243741765618324,-0.7134379148483276,0.07680823653936386,-57.437721252441406,-58.91792297363281,-1925.2581787109375,0.16078753769397736,629.3239715070812,-224.78573853381786,458.30506261126646,20.935114789046175,86.58696790843766,13.710583352582763,624.9939,-298.79062,455.38974,12.081199,87.457825,6.156212,4.330071507081129,74.00488146618213,2.915322611266447,74.18875323125376,8.85391578904617,-0.8708570915623568,7.554371352582763,1.6197583604462897,True
2026-03-17 11:36:55.123,0.695797324180603,-0.03234323859214783,-0.7133951187133789,0.07672930508852005,-57.44390869140625,-58.92582702636719,-1925.276611328125,0.16483868658542633,629.3032496054171,-224.78945180897895,458.31017487664514,21.020081365311096,86.59396712232935,13.781599434607704,624.9939,-298.79062,455.38977,12.081413,87.45782,6.156422,4.309349605417083,74.00116819102104,2.9204048766451365,74.18404243704319,8.938668365311088,-0.863852877670638,7.625177434607707,1.628156579713904,True
2026-03-17 11:36:55.172,0.6958630084991455,-0.03235631436109543,-0.7133251428604126,0.07677923142910004,-57.43611145019531,-58.92491912841797,-1925.29541015625,0.16181710362434387,629.2857128093821,-224.78309222218843,458.300982197013,21.140676653555158,86.60259291845956,13.907488674289205,624.9939,-298.79068,455.38947,12.081601,87.45785,6.156602,4.291812809382009,74.00758777781158,2.9115121970129962,74.18908012069308,9.059075653555169,-0.8552570815404295,7.750886674289205,1.6208493543252525,True
2026-03-17 11:36:55.223,0.6957833766937256,-0.03246261551976204,-0.7133870720863342,0.07688044011592865,-57.4434928894043,-58.91930389404297,-1925.2904052734375,0.16680727899074554,629.2927844346829,-224.77764846728542,458.3095540217949,21.041980468115327,86.59214961111107,13.825493434543818,624.99396,-298.79065,455.38962,12.081336,87.45783,6.1563325,4.298824434682842,74.01300153271461,2.9199340217949157,74.19521751496842,8.960644468115333,-0.8656803888889328,7.669160934543811,1.6119239102681893,True
2026-03-17 11:36:55.275,0.6957863569259644,-0.032451700419187546,-0.7133879661560059,0.07684972137212753,-57.44602966308594,-58.92140579223633,-1925.3118896484375,0.1553548276424408,629.2712597149933,-224.77413417691227,458.31177895095243,21.020862840635015,86.59302721279037,13.800987182574602,624.99384,-298.79062,455.38962,12.081424,87.45784,6.156425,4.277419714993357,74.01648582308772,2.9221589509524506,74.19754379999509,8.939438840635006,-0.8648127872096438,7.644562182574589,1.6138526069331987,True
2026-03-17 11:36:55.325,0.6959497332572937,-0.032395463436841965,-0.7132344841957092,0.07681851834058762,-57.43815612792969,-58.92491912841797,-1925.3170166015625,0.16048166155815125,629.2651260552979,-224.77668802677442,458.3014192135906,21.239890688519814,86.61551330830834,14.013289680335795,624.9939,-298.79065,455.38962,12.081074,87.45784,6.156086,4.271226055297802,74.0139619732256,2.911799213590598,74.19426199949567,9.158816688519806,-0.8423266916916532,7.8572036803358,1.6099385028372728,True
2026-03-17 11:36:55.377,0.6955589056015015,-0.03227251395583153,-0.7136377096176147,0.07666527479887009,-57.44634246826172,-58.922706604003906,-1925.249267578125,0.1534777134656906,629.3299294199724,-224.79480192165775,458.31648149657195,20.761544400075955,86.55851672883817,13.511540369700649,624.99384,-298.79062,455.38962,12.081424,87.45784,6.156425,4.336089419972382,73.99581807834224,2.9268614965719735,74.18051821577706,8.680120400075964,-0.8993232711618475,7.3551153697006555,1.6535465701395475,True
2026-03-17 11:36:55.428,0.6958656907081604,-0.03224841505289078,-0.713339626789093,0.07666531950235367,-57.438167572021484,-58.91832733154297,-1925.298095703125,0.16142454743385315,629.2839721244881,-224.7774704674327,458.30302714766106,21.137852263346787,86.6021758885331,13.886616154306001,624.9939,-298.79065,455.38962,12.081074,87.45784,6.156086,4.290072124488006,74.01317953256734,2.9134071476610757,74.19463191202848,9.056778263346786,-0.8556641114669219,7.730530154305995,1.6355173953392619,True
2026-03-17 11:36:55.479,0.6958233714103699,-0.03229353204369545,-0.713375449180603,0.07669719308614731,-57.44435501098633,-58.920623779296875,-1925.293701171875,0.16230027377605438,629.2878128538341,-224.78034341166904,458.3099332067718,21.072366572079588,86.59681077484255,13.827292654626472,624.9939,-298.79062,455.38977,12.081413,87.45782,6.156422,4.293912853834058,74.01027658833095,2.9201632067718037,74.19222386093945,8.990953572079576,-0.8610092251574315,7.670870654626469,1.6325823249135456,True
2026-03-17 11:36:55.530,0.6957489848136902,-0.03232705593109131,-0.7134427428245544,0.0767320916056633,-57.439205169677734,-58.92284393310547,-1925.2872314453125,0.15865465998649597,629.2938189196414,-224.78384008701107,458.30591741994357,20.9891236545609,86.5862827365674,13.749444924221745,624.99384,-298.79074,455.38974,12.081199,87.457825,6.1562004,4.299978919641376,74.00689991298896,2.9161774199435513,74.18905002886284,8.907924654560901,-0.871542263432616,7.5932445242217455,1.6329116446830463,True
2026-03-17 11:36:55.580,0.6958137154579163,-0.03228215128183365,-0.7133839130401611,0.07671049982309341,-57.4442138671875,-58.92426300048828,-1925.296630859375,0.15810789167881012,629.2840163839865,-224.78304191789488,458.30981749098845,21.092339057039712,86.59463076055835,13.847408461431506,624.9939,-298.7906,455.38953,12.081506,87.45783,6.1565294,4.290116383986401,74.0075580821051,2.9202874909884713,74.18929727996036,9.010833057039719,-0.8631992394416557,7.690879061431502,1.6339370697440556,True
2026-03-17 11:36:55.631,0.6958726644515991,-0.03217871114611626,-0.713343620300293,0.07659446448087692,-57.437904357910156,-58.921119689941406,-1925.313720703125,0.15808582305908203,629.2675672079158,-224.77686831190974,458.30245627873404,21.14540594006189,86.60258778477457,13.88274593473242,624.9939,-298.79074,455.38965,12.081591,87.457825,6.1565876,4.273667207915764,74.01387168809029,2.912806278734024,74.1943520362739,9.063814940061889,-0.8552372152254293,7.726158334732418,1.6445652639909123,True
2026-03-17 11:36:55.683,0.695870578289032,-0.03220471739768982,-0.7133439779281616,0.0765988752245903,-57.44697570800781,-58.91966247558594,-1925.2974853515625,0.15521398186683655,629.2836217398489,-224.77959987150575,458.3119022493679,21.11568238264755,86.6031176027491,13.855485481480569,624.99384,-298.79074,455.38962,12.081678,87.45783,6.15668,4.289781739848877,74.01114012849428,2.9222822493679246,74.19292974428309,9.034004382647538,-0.8547123972509212,7.698805481480576,1.6419038890050597,True
2026-03-17 11:36:55.736,0.6958634853363037,-0.03239280357956886,-0.7133172750473022,0.07683197408914566,-57.438438415527344,-58.921783447265625,-1925.314208984375,0.16713574528694153,629.2687280509416,-224.77438156237986,458.3029255772931,21.161024388783407,86.602548058325,13.935106247243311,624.99384,-298.79074,455.38974,12.081199,87.457825,6.1562004,4.274888050941627,74.01635843762017,2.9131855772930635,74.19691795770292,9.079825388783405,-0.8552769416750152,7.778905847243323,1.6153367392172522,True
2026-03-17 11:36:55.786,0.6957688331604004,-0.03266099840402603,-0.713373064994812,0.07705739885568619,-57.45232009887695,-58.92216110229492,-1925.3187255859375,0.15950849652290344,629.2660336179628,-224.7702237355248,458.3181200395326,20.995864391200698,86.59243417482335,13.809884949816176,624.99396,-298.79065,455.38962,12.081336,87.45783,6.1563325,4.2720736179627465,74.02042626447522,2.9285000395325937,74.20141662969414,8.91452839120069,-0.8653958251766483,7.653552449816175,1.5870184178781495,True
2026-03-17 11:36:55.835,0.6957668662071228,-0.03246792405843735,-0.7134038209915161,0.07687205821275711,-57.435638427734375,-58.920616149902344,-1925.292724609375,0.1679876744747162,629.2902959671707,-224.77836770864903,458.3019149661739,21.00611950342412,86.59017942869598,13.789338952296573,624.9939,-298.79062,455.38977,12.080849,87.457825,6.155873,4.296395967170611,74.01225229135096,2.912144966173912,74.19402331623024,8.925270503424116,-0.8676455713040241,7.633465952296575,1.6127886546761283,True
2026-03-17 11:36:55.885,0.6957681179046631,-0.03241143748164177,-0.7134143114089966,0.07678684592247009,-57.44923782348633,-58.92227554321289,-1925.3065185546875,0.1643168032169342,629.2757469428367,-224.77710007918398,458.3154405774434,20.972645708805334,86.59063870541323,13.744325391033598,624.9939,-298.79065,455.38962,12.081074,87.45784,6.156086,4.281846942836637,74.01354992081605,2.925820577443403,74.19501473262473,8.891571708805344,-0.8672012945867777,7.588239391033596,1.6212564135284966,True
2026-03-17 11:36:55.934,0.6957128643989563,-0.032427556812763214,-0.7134649157524109,0.07681097090244293,-57.437931060791016,-58.92662811279297,-1925.294921875,0.16323570907115936,629.286109874083,-224.7842518583195,458.3050509915159,20.91988519650058,86.58254133429958,13.694713692719853,624.99384,-298.79077,455.38962,12.081376,87.45783,6.1563773,4.29226987408299,74.00651814168052,2.9154309915159047,74.18819344068933,8.838509196500581,-0.875288665700424,7.538336392719856,1.6225092779883177,True
2026-03-17 11:36:55.987,0.6958013772964478,-0.03252093121409416,-0.7133632898330688,0.07691317796707153,-57.44512176513672,-58.923500061035156,-1925.3082275390625,0.16303057968616486,629.2747773612707,-224.77626513445318,458.3106971311887,21.02972465427337,86.59599545796364,13.820681552443542,624.9939,-298.79065,455.3896,12.081424,87.45784,6.156425,4.2808773612706545,74.01438486554684,2.9210971311887306,74.1956055737627,8.948300654273368,-0.8618445420363514,7.664256552443533,1.603728015583516,True
2026-03-17 11:36:56.038,0.6957977414131165,-0.032380424439907074,-0.7133851051330566,0.07680309563875198,-57.443416595458984,-58.91507339477539,-1925.2841796875,0.16457092761993408,629.2992977064837,-224.77630275174786,458.30939460628787,21.0655916573677,86.59335685708608,13.83615578528136,624.9939,-298.79062,455.38953,12.081251,87.45785,6.156263,4.305397706483632,74.01431724825213,2.919864606287888,74.19690840227078,8.98434065736771,-0.8644931429139149,7.679892785281368,1.6219013692435653,True
2026-03-17 11:36:56.090,0.6957790851593018,-0.03239290788769722,-0.7134020924568176,0.07680904865264893,-57.44416427612305,-58.92002487182617,-1925.2843017578125,0.1595621556043625,629.2979076464792,-224.780923467734,458.31043322885176,21.03607002032749,86.59094331189532,13.80808871018712,624.99384,-298.7907,455.38956,12.081768,87.45783,6.156764,4.304067646479211,74.00977653226602,2.9208732288517467,74.19234139101182,8.954302020327475,-0.8668866881046711,7.651324710187112,1.6216424496598627,True
2026-03-17 11:36:56.140,0.6955949664115906,-0.03248296678066254,-0.7135692238807678,0.07688604295253754,-57.43948745727539,-58.91985321044922,-1925.2625732421875,0.15508587658405304,629.3196855689158,-224.7856313543958,458.3087186316959,20.811069359777843,86.56538745152591,13.596249722703373,624.9939,-298.79065,455.38962,12.081376,87.45783,6.1563888,4.325785568915762,74.00501864560422,2.919098631695931,74.18878852189215,8.729693359777855,-0.8924425484740937,7.43986092270336,1.6225006332909189,True
2026-03-17 11:36:56.192,0.6958140730857849,-0.032513249665498734,-0.7133514881134033,0.07691049575805664,-57.44129180908203,-58.92344665527344,-1925.306884765625,0.15867704153060913,629.2761052547535,-224.77666248508115,458.30668300975464,21.050555825642505,86.59763411421531,13.840701127781198,624.9939,-298.79065,455.38974,12.081246,87.45783,6.156248,4.282205254753421,74.01398751491888,2.9169430097546183,74.19512238836568,8.969309825642512,-0.860195885784691,7.684453127781211,1.6037468994960655,True
2026-03-17 11:36:56.244,0.6959349513053894,-0.03246941789984703,-0.713241696357727,0.07685432583093643,-57.438045501708984,-58.91925048828125,-1925.31982421875,0.16584661602973938,629.2643801179363,-224.7697614489148,458.3015418933937,21.17403006485252,86.61509680536143,13.956313997037324,624.9939,-298.79062,455.38974,12.080896,87.45783,6.155909,4.270480117936245,74.02085855108518,2.9118018933936582,74.20109899013505,9.093134064852507,-0.8427331946385834,7.800404997037333,1.6021445249966313,True
2026-03-17 11:36:56.293,0.6958020329475403,-0.032217688858509064,-0.7134082913398743,0.0766175165772438,-57.45052719116211,-58.92333984375,-1925.2850341796875,0.16076228022575378,629.2947326115393,-224.7863009516183,458.31663096509925,21.044454487084987,86.59313359562562,13.786671815042784,624.9939,-298.79074,455.38965,12.081288,87.457825,6.156285,4.300832611539249,74.00443904838173,2.926980965099233,74.1870701509918,8.963166487084976,-0.8646914043743834,7.630386815042783,1.6443973890030665,True
2026-03-17 11:36:56.345,0.6959938406944275,-0.03251732513308525,-0.713175356388092,0.07691634446382523,-57.434181213378906,-58.925559997558594,-1925.306884765625,0.1651327908039093,629.2756756963668,-224.77860493103935,458.29697557630254,21.258989935858512,86.62367249531994,14.05036350606891,624.9939,-298.79062,455.38953,12.081553,87.45784,6.1565657,4.281775696366708,74.01201506896064,2.907445576302564,74.19275717656822,9.177436935858509,-0.8341675046800674,7.893797806068903,1.5914017757658607,True
2026-03-17 11:36:56.395,0.6958835124969482,-0.032571353018283844,-0.7132726311683655,0.07698973268270493,-57.44963836669922,-58.92362594604492,-1925.3072509765625,0.16122561693191528,629.2761285832516,-224.7757393996767,458.31396021941714,21.15542048777987,86.60764164622448,13.956913141833411,624.9939,-298.79062,455.38974,12.080896,87.45783,6.155909,4.2822285832515945,74.0148806003233,2.9242202194171227,74.19630109251389,9.074524487779883,-0.8501883537755361,7.801004141833403,1.590671868903255,True
2026-03-17 11:36:56.447,0.6956329345703125,-0.03247753903269768,-0.7135313749313354,0.07689642161130905,-57.435054779052734,-58.91499328613281,-1925.2745361328125,0.16130226850509644,629.3095300962387,-224.77769185493483,458.3034774655794,20.873210950543637,86.57042058875122,13.658888260720415,624.99396,-298.79062,455.38965,12.081591,87.457825,6.156599,4.31557009623873,74.01292814506516,2.913827465579402,74.19587635685217,8.791619950543634,-0.8874044112487809,7.502289260720403,1.6200824062687043,True
2026-03-17 11:36:56.500,0.6957454681396484,-0.03246380388736725,-0.7134249210357666,0.07687128335237503,-57.449073791503906,-58.92078399658203,-1925.292724609375,0.15907062590122223,629.2900288201192,-224.77848393125953,458.31569182533735,20.98612242330177,86.58694819706612,13.76889497702591,624.9939,-298.79065,455.3896,12.081424,87.45784,6.156425,4.296128820119179,74.0121660687405,2.92609182533738,74.19447056483513,8.904698423301767,-0.8708918029338975,7.61246997702591,1.614648327958382,True
2026-03-17 11:36:56.550,0.6957579851150513,-0.03250618278980255,-0.7134078741073608,0.0768987163901329,-57.43269729614258,-58.924110412597656,-1925.281005859375,0.15891648828983307,629.3009758783267,-224.78449702836377,458.2993048193964,20.98102924098556,86.58955543342427,13.769507238150513,624.9939,-298.7906,455.38956,12.08207,87.45783,6.1570783,4.3070758783266,74.00610297163621,2.909744819396394,74.18841415331701,8.898959240985562,-0.8682745665757352,7.612428938150515,1.6085993792472606,True
2026-03-17 11:36:56.602,0.695798397064209,-0.03258896246552467,-0.7133510112762451,0.07702521234750748,-57.4556884765625,-58.92228698730469,-1925.2955322265625,0.16410599648952484,629.2879349803108,-224.77725387382876,458.3213692704799,21.080187669573228,86.59497113816238,13.885808827629532,624.9939,-298.79065,455.38962,12.081376,87.45783,6.1563888,4.294034980310698,74.01339612617127,2.9317492704799406,74.19579972159231,8.998811669573229,-0.8628588618376227,7.729420027629544,1.593390069995418,True
2026-03-17 11:36:56.652,0.6956221461296082,-0.032522086054086685,-0.71353679895401,0.07692458480596542,-57.428653717041016,-58.917823791503906,-1925.2825927734375,0.1540077030658722,629.30137306195,-224.77781184067948,458.29711115216685,20.840136431615324,86.56970665430225,13.63170074201833,624.99384,-298.79077,455.3896,12.081424,87.45784,6.1564136,4.307533061950039,74.01295815932053,2.907511152166876,74.19519147271674,8.758712431615322,-0.8881333456977529,7.475287142018317,1.6154021836391939,True
2026-03-17 11:36:56.703,0.6957988142967224,-0.03232331573963165,-0.7133933901786804,0.07673981040716171,-57.45341873168945,-58.916709899902344,-1925.305908203125,0.1583775132894516,629.2772350355823,-224.77274368965874,458.3191134490099,21.06001904152423,86.59317064870801,13.820785409683094,624.9939,-298.79074,455.38965,12.081591,87.457825,6.1565876,4.28333503558224,74.01799631034129,2.9294634490098588,74.19967987076377,8.97842804152424,-0.8646543512919891,7.664197809683088,1.6297181141219288,True
2026-03-17 11:36:56.753,0.6956916451454163,-0.032500430941581726,-0.7134727239608765,0.07689905911684036,-57.42776870727539,-58.92648696899414,-1925.295166015625,0.1585479974746704,629.2867157968922,-224.78305296538875,458.2950661619973,20.913785282252018,86.57971190938879,13.70167079801311,624.99396,-298.79062,455.38965,12.081591,87.457825,6.156599,4.292755796892152,74.00756703461124,2.905416161997266,74.188875000155,8.832194282252033,-0.8781130906112082,7.545071798013112,1.6136609040566645,True
2026-03-17 11:36:56.803,0.6958165764808655,-0.032428011298179626,-0.7133617997169495,0.07682843506336212,-57.45539855957031,-58.927398681640625,-1925.30517578125,0.15981757640838623,629.2758050842542,-224.7819470122761,458.32087287985354,21.058611780058218,86.59713464769612,13.83514760465676,624.9939,-298.79062,455.38974,12.081199,87.457825,6.156212,4.281905084254163,74.00867298772388,2.9311328798535214,74.19036277383856,8.977412780058216,-0.8606903523038909,7.678935604656772,1.6149615999424094,True
2026-03-17 11:36:56.855,0.6957831978797913,-0.03243330866098404,-0.7133921980857849,0.07684624195098877,-57.42912673950195,-58.91847610473633,-1925.30859375,0.1601783186197281,629.2754031231543,-224.77245013493314,458.2948765640927,21.036163748012545,86.59199704490902,13.814506455032939,624.9939,-298.79065,455.38962,12.081376,87.45783,6.1563888,4.281503123154266,74.01819986506689,2.905256564092724,74.19882543518982,8.954787748012535,-0.8658329550909798,7.658117655032925,1.616049563423099,True
2026-03-17 11:36:56.908,0.6957202553749084,-0.032434478402137756,-0.7134543657302856,0.07683856040239334,-57.45169448852539,-58.91494369506836,-1925.2783203125,0.16076678037643433,629.305226021981,-224.77715351365742,458.3189311391293,20.953838827564617,86.58311614993202,13.73150123959733,624.99396,-298.79062,455.38965,12.081591,87.457825,6.156599,4.311266021980941,74.01346648634257,2.929281139129273,74.1967716550343,8.872247827564621,-0.8747088500679752,7.574902239597321,1.6203933871393443,True
2026-03-17 11:36:56.958,0.6957449913024902,-0.03237833455204964,-0.7134416103363037,0.07675738632678986,-57.42678451538086,-58.92164611816406,-1925.2860107421875,0.15863873064517975,629.2958129643501,-224.78259863072947,458.29358476605125,20.95148096089018,86.58687719365697,13.718015542594346,624.9939,-298.79062,455.38974,12.081502,87.457825,6.1565146,4.301912964350095,74.00802136927052,2.903844766051236,74.18979711909562,8.869978960890194,-0.8709478063430254,7.561500942594336,1.627133824972655,True
2026-03-17 11:36:57.011,0.6957172751426697,-0.0323016494512558,-0.7134755849838257,0.07672479003667831,-57.45381546020508,-58.91657638549805,-1925.256103515625,0.1635456681251526,629.325222401413,-224.78634113762791,458.321479855706,20.97618477024554,86.58095616668534,13.733776547189937,624.9939,-298.79065,455.38962,12.081376,87.45783,6.1563888,4.33132240141299,74.00430886237211,2.9318598557060227,74.1889067594061,8.894808770245533,-0.8768738333146757,7.577387747189931,1.6378581285679112,True
2026-03-17 11:36:57.060,0.6958872675895691,-0.0326743945479393,-0.7132480144500732,0.07713977992534637,-57.4317512512207,-58.91124725341797,-1925.3050537109375,0.15857885777950287,629.2828810304335,-224.7628275813075,458.29576648001853,21.21708934304947,86.60782454951057,14.039206855634122,624.9939,-298.79065,455.38962,12.081376,87.45783,6.1563888,4.288981030433433,74.02782241869252,2.906146480018549,74.20889123074281,9.135713343049474,-0.8500054504894479,7.882818055634118,1.575123632980132,True
2026-03-17 11:36:57.111,0.6958006620407104,-0.03242647647857666,-0.7133743166923523,0.07685739547014236,-57.4530029296875,-58.91312789916992,-1925.28515625,0.15922118723392487,629.2991380720302,-224.77343578364852,458.31889935636366,21.078503149287176,86.59397056366615,13.857244515451786,624.99396,-298.79062,455.38965,12.081591,87.457825,6.156599,4.30517807203023,74.01718421635147,2.9292493563636413,74.20012546715103,8.99691214928717,-0.8638544363338383,7.700645515451782,1.6152080163570408,True
2026-03-17 11:36:57.163,0.6957642436027527,-0.03251165896654129,-0.713398277759552,0.07692857086658478,-57.439266204833984,-58.91748809814453,-1925.274658203125,0.15668773651123047,629.3089372127022,-224.77954517462697,458.3058156994675,21.01840602088147,86.58984654693613,13.809783110763737,624.9939,-298.79062,455.38953,12.081251,87.45785,6.156263,4.315037212702123,74.01107482537302,2.916285699467494,74.19409319639189,8.937155020881477,-0.8680034530638636,7.653520110763736,1.6066718288714321,True
2026-03-17 11:36:57.212,0.6957455277442932,-0.032494425773620605,-0.7134218811988831,0.07688609510660172,-57.44865798950195,-58.922119140625,-1925.2625732421875,0.1537439227104187,629.3189752889213,-224.7876234347192,458.315800855749,20.966049231547316,86.58766714759695,13.752513975457491,624.9939,-298.79074,455.38965,12.081591,87.457825,6.1565876,4.325075288921198,74.00311656528083,2.926150855748972,74.18712756577101,8.884458231547313,-0.8701578524030538,7.595926375457481,1.611037665385567,True
