timestamp,pose_id,q0,qx,qy,qz,tx,ty,tz,error,x,y,z,u,v,w
1775118641.5270922,1,0.7117562294006348,-0.007811819203197956,-0.6909773349761963,0.12606468796730042,-228.5342254638672,-19.996723175048828,-1927.936767578125,0.17431862652301788,562.6458,-51.2435,550.13416,91.92105,80.59943,104.102135
1775118641.5390904,1,0.7115649580955505,-0.00765359727665782,-0.6912108063697815,0.12587447464466095,-228.52499389648438,-19.993879318237305,-1927.929443359375,0.1747608482837677,562.6467,-51.243732,550.1347,91.92043,80.59948,104.101494
1775118641.5525603,1,0.7116939425468445,-0.00784735381603241,-0.6910322308540344,0.12611350417137146,-228.521240234375,-19.99437141418457,-1927.9532470703125,0.17264021933078766,562.6465,-51.24333,550.13403,91.921295,80.59948,104.10242
1775118641.580205,1,0.7115418910980225,-0.007919186726212502,-0.6911770105361938,0.12617367506027222,-228.53538513183594,-19.99498748779297,-1927.9461669921875,0.17376171052455902,562.6471,-51.24355,550.134,91.92129,80.59943,104.10236
1775118641.5903757,1,0.7115960121154785,-0.008000346831977367,-0.6911031007766724,0.12626789510250092,-228.54586791992188,-19.99728012084961,-1927.9654541015625,0.17152896523475647,562.6468,-51.243736,550.13495,91.920746,80.59958,104.10185
1775118641.6053722,1,0.7116590738296509,-0.007686065975576639,-0.6911076307296753,0.1259067803621292,-228.5482940673828,-20.000736236572266,-1927.948974609375,0.17451100051403046,562.64703,-51.24451,550.1357,91.92018,80.599525,104.1012
1775118641.6180568,1,0.7116407752037048,-0.008005497045814991,-0.6910583972930908,0.12625999748706818,-228.54556274414062,-20.001747131347656,-1927.9573974609375,0.16743427515029907,562.6476,-51.24353,550.13513,91.920395,80.59958,104.10152
1775118641.6298637,1,0.7115801572799683,-0.007838751189410686,-0.6911535859107971,0.1260911226272583,-228.54586791992188,-20.002161026000977,-1927.96484375,0.16989730298519135,562.64764,-51.244,550.1354,91.91974,80.59958,104.10081
1775118641.6397753,1,0.7116575837135315,-0.007924453355371952,-0.691053032875061,0.12620021402835846,-228.53646850585938,-19.99884796142578,-1927.9552001953125,0.1783485859632492,562.6477,-51.243095,550.1363,91.918846,80.599525,104.100006
1775118641.652188,1,0.7115905284881592,-0.008053592406213284,-0.6911053657531738,0.12628306448459625,-228.53341674804688,-20.002790451049805,-1927.946044921875,0.17360246181488037,562.6473,-51.24277,550.13684,91.91896,80.59958,104.100174
1775118651.7753053,2,0.649539053440094,0.12831677496433258,-0.7013668417930603,0.2640424072742462,-231.01412963867188,0.12055206298828125,-1926.1826171875,0.16863425076007843,563.9003,-30.674442,551.5817,76.05476,57.639393,89.19353
1775118651.7879808,2,0.6497254967689514,0.12821617722511292,-0.7011472582817078,0.2642156481742859,-230.9966583251953,0.12413406372070312,-1926.214111328125,0.1648118793964386,563.8999,-30.676361,551.5827,76.054504,57.63935,89.193115
1775118651.7999828,2,0.6497536301612854,0.128234401345253,-0.7011099457740784,0.2642366588115692,-230.9854736328125,0.125335693359375,-1926.2237548828125,0.17107708752155304,563.90027,-30.677063,551.5812,76.05487,57.6393,89.193344
1775118651.818829,2,0.6497427821159363,0.1282431185245514,-0.7011359333992004,0.264190137386322,-230.96975708007812,0.12198448181152344,-1926.22802734375,0.16254274547100067,563.9008,-30.676039,551.583,76.05454,57.639347,89.19316
1775118651.8305907,2,0.6496092677116394,0.1281302571296692,-0.7012459635734558,0.26428118348121643,-230.95909118652344,0.12389183044433594,-1926.2039794921875,0.1680908352136612,563.90076,-30.675644,551.58325,76.054276,57.63921,89.192955
1775118651.843196,2,0.6495743989944458,0.12826086580753326,-0.7013184428215027,0.26411113142967224,-230.97796630859375,0.12135887145996094,-1926.1927490234375,0.17423342168331146,563.9006,-30.677917,551.5832,76.05423,57.639256,89.1927
1775118651.8559265,2,0.6496897339820862,0.12829703092575073,-0.7012133598327637,0.2640889286994934,-230.999267578125,0.11975479125976562,-1926.199462890625,0.16448472440242767,563.901,-30.675552,551.5837,76.05428,57.63926,89.19298
1775118651.86989,2,0.6498218774795532,0.12824107706546783,-0.7010550498962402,0.2642112374305725,-231.00466918945312,0.12434768676757812,-1926.21728515625,0.16523024439811707,563.9015,-30.676401,551.5851,76.05373,57.639233,89.19238
1775118651.8806174,2,0.6496657133102417,0.12834399938583374,-0.7012296915054321,0.2640817165374756,-231.013916015625,0.1251811981201172,-1926.2008056640625,0.16999179124832153,563.90094,-30.675192,551.58264,76.05436,57.639225,89.19305
1775118651.8923712,2,0.6497820615768433,0.12824711203575134,-0.7011037468910217,0.2641770839691162,-230.99977111816406,0.12328338623046875,-1926.2095947265625,0.16599489748477936,563.9011,-30.67512,551.585,76.0538,57.63908,89.19257
1775118663.4661522,3,0.606499969959259,0.21350955963134766,-0.5833010077476501,0.4963178336620331,-264.8101806640625,122.28599548339844,-1917.4542236328125,0.23787593841552734,568.52527,90.8645,584.72003,77.86244,30.099033,106.74125
1775118663.4757304,3,0.6063647270202637,0.21342942118644714,-0.5834194421768188,0.4963782727718353,-264.7879638671875,122.289306640625,-1917.43603515625,0.22991764545440674,568.5253,90.864975,584.7197,77.86238,30.098978,106.741234
1775118663.4904497,3,0.6064744591712952,0.21355560421943665,-0.5833354592323303,0.4962886869907379,-264.78668212890625,122.29835510253906,-1917.450439453125,0.23704439401626587,568.5257,90.86478,584.72064,77.86233,30.099014,106.74122
1775118663.5026057,3,0.6065745949745178,0.21345694363117218,-0.5832021236419678,0.4963655173778534,-264.7735290527344,122.29443359375,-1917.46337890625,0.23829934000968933,568.52594,90.86538,584.7206,77.86233,30.099014,106.741264
1775118663.5152965,3,0.6065564751625061,0.21355599164962769,-0.5832279324531555,0.4963146448135376,-264.7742919921875,122.29646301269531,-1917.435546875,0.23896315693855286,568.5254,90.86465,584.72095,77.862236,30.099108,106.7412
1775118663.5290918,3,0.6065771579742432,0.2134220153093338,-0.5831491351127625,0.4964396059513092,-264.78607177734375,122.2828598022461,-1917.4361572265625,0.22837574779987335,568.5254,90.86467,584.72064,77.86236,30.099121,106.74128
1775118663.5458026,3,0.6064288020133972,0.21353016793727875,-0.5833802223205566,0.49630287289619446,-264.79736328125,122.27595520019531,-1917.41064453125,0.23776352405548096,568.526,90.86688,584.7206,77.86225,30.099005,106.74138
1775118663.5562563,3,0.6065786480903625,0.21358273923397064,-0.5832294821739197,0.49627429246902466,-264.80914306640625,122.26461791992188,-1917.4053955078125,0.23983325064182281,568.5256,90.86522,584.7204,77.86232,30.09933,106.74129
1775118663.5680764,3,0.6066469550132751,0.21376948058605194,-0.5832691788673401,0.4960636794567108,-264.80657958984375,122.25775909423828,-1917.3870849609375,0.243524968624115,568.52594,90.86643,584.7224,77.862015,30.099125,106.74125
1775118663.578691,3,0.6066117286682129,0.21374501287937164,-0.5832810401916504,0.4961032569408417,-264.7963562011719,122.2533187866211,-1917.4044189453125,0.24221211671829224,568.5261,90.8651,584.7221,77.86212,30.09919,106.741196
1775118674.4540043,4,0.5374690294265747,0.28631579875946045,-0.4404464066028595,0.659664511680603,-283.42596435546875,226.11196899414062,-1930.01513671875,0.2534955143928528,552.97516,194.02625,602.1858,74.342026,6.0491724,118.29072
1775118674.4681115,4,0.5377281904220581,0.28655269742012024,-0.4402635395526886,0.6594724655151367,-283.4370422363281,226.11534118652344,-1930.0303955078125,0.26261377334594727,552.9754,194.02518,602.1858,74.341934,6.0490117,118.29057
1775118674.4816165,4,0.5376942157745361,0.28646260499954224,-0.4402352571487427,0.6595581769943237,-283.45623779296875,226.1131134033203,-1930.04296875,0.2613244354724884,552.9747,194.02748,602.18463,74.34212,6.0490856,118.29085
1775118674.493448,4,0.5375613570213318,0.28638842701911926,-0.44042593240737915,0.6595714092254639,-283.4632568359375,226.11314392089844,-1930.0125732421875,0.25363990664482117,552.9751,194.0261,602.18536,74.34202,6.0492296,118.29066
1775118674.506115,4,0.5375198125839233,0.2863729000091553,-0.44042274355888367,0.6596142053604126,-283.4849853515625,226.11325073242188,-1930.0335693359375,0.254166841506958,552.9751,194.02664,602.1864,74.341896,6.04895,118.290726
1775118674.5189638,4,0.5373618006706238,0.28636518120765686,-0.4406126141548157,0.6596194505691528,-283.48870849609375,226.1199188232422,-1930.020263671875,0.2501666843891144,552.975,194.02704,602.1854,74.34193,6.0490665,118.29073
1775118674.528185,4,0.5375809073448181,0.2865399718284607,-0.4404214322566986,0.6594926714897156,-283.4818115234375,226.11753845214844,-1930.029541015625,0.2618459165096283,552.97516,194.02672,602.18646,74.34189,6.049105,118.29072
1775118674.5407765,4,0.5375223755836487,0.28634217381477356,-0.44045549631118774,0.6596035361289978,-283.4570007324219,226.1126251220703,-1930.0474853515625,0.2519175708293915,552.97455,194.02841,602.1851,74.34203,6.049127,118.29088
1775118674.5534632,4,0.5373450517654419,0.28637465834617615,-0.4406638443470001,0.659594714641571,-283.43646240234375,226.12135314941406,-1930.0675048828125,0.24651317298412323,552.9748,194.0269,602.1859,74.34188,6.0490074,118.29074
1775118674.5634522,4,0.5373125672340393,0.2865665555000305,-0.44080042839050293,0.6594465970993042,-283.4400939941406,226.1312255859375,-1930.0538330078125,0.247060626745224,552.97424,194.02711,602.187,74.34179,6.0489397,118.290825
1775118685.262091,5,0.6170010566711426,0.3343902826309204,-0.22514498233795166,0.675871729850769,-270.3262939453125,337.3576354980469,-1966.212890625,0.4186158776283264,513.83923,302.6881,589.3994,88.36216,-9.129896,134.75116
1775118685.277408,5,0.6170717477798462,0.3343967795372009,-0.22505995631217957,0.6758322715759277,-270.3248596191406,337.3472900390625,-1966.208251953125,0.41593149304389954,513.8383,302.68912,589.4,88.362045,-9.130009,134.75134
1775118685.2915092,5,0.6169723272323608,0.33439382910728455,-0.2252107858657837,0.6758742332458496,-270.31231689453125,337.3500061035156,-1966.2178955078125,0.41483500599861145,513.8387,302.6883,589.4009,88.36195,-9.129853,134.75128
1775118685.3037214,5,0.6168887615203857,0.33428841829299927,-0.2253510057926178,0.6759559512138367,-270.31964111328125,337.3521728515625,-1966.215087890625,0.4065219759941101,513.83734,302.6896,589.4003,88.3621,-9.129855,134.75146
1775118685.3159204,5,0.6169692873954773,0.3344476521015167,-0.2252109795808792,0.6758503317832947,-270.3349609375,337.3519287109375,-1966.1912841796875,0.4186580181121826,513.8385,302.68887,589.39966,88.36225,-9.129749,134.75133
1775118685.3304286,5,0.6169670820236206,0.3343735337257385,-0.22517836093902588,0.675899863243103,-270.34033203125,337.3502197265625,-1966.1942138671875,0.4312167167663574,513.8385,302.68887,589.3999,88.362144,-9.129803,134.75134
1775118685.340831,5,0.6170367002487183,0.33443117141723633,-0.22510817646980286,0.6758311986923218,-270.3346252441406,337.3453674316406,-1966.1754150390625,0.4347149133682251,513.8381,302.6898,589.4001,88.362206,-9.129859,134.75143
1775118685.3542361,5,0.6170318126678467,0.33430856466293335,-0.22505679726600647,0.675913393497467,-270.3326110839844,337.3332214355469,-1966.185302734375,0.43580615520477295,513.8385,302.68958,589.4,88.362144,-9.129862,134.75142
1775118685.3667796,5,0.6168984770774841,0.3343868553638458,-0.22533710300922394,0.6759029626846313,-270.313720703125,337.35260009765625,-1966.173828125,0.41304031014442444,513.8384,302.6895,589.40045,88.36215,-9.129759,134.75143
1775118685.376558,5,0.616960883140564,0.3343397378921509,-0.22521483898162842,0.6759101152420044,-270.3283386230469,337.3475646972656,-1966.1982421875,0.43075013160705566,513.83875,302.68997,589.4013,88.362,-9.129658,134.75148
1775118696.631053,6,0.5833665132522583,0.4806942343711853,-0.012132923118770123,0.6545757055282593,-244.76681518554688,393.98883056640625,-1997.873779296875,0.4136515259742737,481.3118,357.56546,564.17535,99.481735,-37.111366,134.7681
1775118696.6448166,6,0.5833336114883423,0.4806358516216278,-0.012246936559677124,0.6546458005905151,-244.76649475097656,393.9938049316406,-1997.8856201171875,0.40776124596595764,481.3116,357.56595,564.1757,99.48169,-37.111427,134.76816
1775118696.6540866,6,0.5833356976509094,0.480709046125412,-0.012168435379862785,0.6545916199684143,-244.7778778076172,393.99359130859375,-1997.8839111328125,0.3912128210067749,481.31125,357.56723,564.1738,99.48202,-37.11118,134.76811
1775118696.6667767,6,0.5833446979522705,0.4808025658130646,-0.012210173532366753,0.6545141339302063,-244.7772979736328,394.0032958984375,-1997.88671875,0.3921124041080475,481.31097,357.56732,564.17676,99.48151,-37.111446,134.76842
1775118696.6766222,6,0.583374559879303,0.4808729588985443,-0.012151980772614479,0.6544369459152222,-244.78054809570312,394.0035400390625,-1997.89111328125,0.3867020010948181,481.3108,357.5673,564.176,99.48173,-37.111275,134.76836
1775118696.688694,6,0.5834299921989441,0.4807039499282837,-0.012101992033421993,0.6545125842094421,-244.77003479003906,393.9964294433594,-1997.906982421875,0.39343661069869995,481.3111,357.5668,564.177,99.481514,-37.111397,134.76839
1775118696.6991808,6,0.5833990573883057,0.48073598742485046,-0.012133300304412842,0.6545160412788391,-244.7574920654297,394.00244140625,-1997.9150390625,0.38861870765686035,481.3109,357.56738,564.1754,99.4818,-37.111317,134.7683
1775118696.709048,6,0.5833233594894409,0.48096251487731934,-0.012272442691028118,0.6544144749641418,-244.7602081298828,394.0167236328125,-1997.897705078125,0.3972145915031433,481.31155,357.5667,564.1769,99.48151,-37.111343,134.76836
1775118696.7184355,6,0.58336341381073,0.48070448637008667,-0.012233984656631947,0.6545690894126892,-244.74998474121094,394.0052185058594,-1997.93310546875,0.3959662616252899,481.31152,357.56744,564.17584,99.481735,-37.11133,134.7683
1775118696.7291534,6,0.5833247900009155,0.48093435168266296,-0.012253765016794205,0.6544342637062073,-244.76498413085938,394.01416015625,-1997.9090576171875,0.3902253210544586,481.311,357.56754,564.17615,99.48159,-37.11123,134.76842
1775118703.582138,7,0.599909782409668,0.5307152271270752,0.010684497654438019,0.5986112356185913,-186.64222717285156,413.317138671875,-1983.96533203125,0.3510373830795288,495.98776,377.01532,507.09094,110.789474,-39.639957,126.83357
1775118703.5962281,7,0.5998995304107666,0.5308578610420227,0.010720796883106232,0.5984945297241211,-186.64944458007812,413.3226013183594,-1983.9423828125,0.33924946188926697,495.9882,377.01364,507.0927,110.7893,-39.639946,126.83358
1775118703.6102006,7,0.5999823808670044,0.5308539271354675,0.010851890780031681,0.5984124541282654,-186.6577911376953,413.3215637207031,-1983.9462890625,0.3541785180568695,495.98816,377.01434,507.09283,110.789215,-39.639908,126.83369
1775118703.6224728,7,0.5999922156333923,0.5308636426925659,0.010858169756829739,0.5983937978744507,-186.6577911376953,413.3257751464844,-1983.96337890625,0.35024216771125793,495.98804,377.0141,507.09317,110.78915,-39.640076,126.83366
1775118703.6343007,7,0.5999079942703247,0.5308205485343933,0.010704698972404003,0.5985193252563477,-186.6497039794922,413.32745361328125,-1983.9637451171875,0.3573656380176544,495.9883,377.0144,507.09326,110.78904,-39.639988,126.83375
1775118703.6445174,7,0.5999051928520203,0.5309673547744751,0.010761283338069916,0.5983908772468567,-186.65029907226562,413.3299865722656,-1983.9451904296875,0.33947956562042236,495.9887,377.01425,507.0937,110.78902,-39.64005,126.83371
1775118703.659727,7,0.5998899340629578,0.5309794545173645,0.010754228569567204,0.598395586013794,-186.64788818359375,413.3313903808594,-1983.9383544921875,0.3383159935474396,495.9893,377.01416,507.09372,110.78901,-39.640053,126.83368
1775118703.6751225,7,0.5998839735984802,0.530850350856781,0.010713000781834126,0.5985167622566223,-186.6443328857422,413.3270263671875,-1983.9627685546875,0.33615949749946594,495.98895,377.01306,507.09262,110.789154,-39.63991,126.833565
1775118703.6871583,7,0.5998589992523193,0.5308260917663574,0.010641631670296192,0.598564624786377,-186.64910888671875,413.3257141113281,-1983.956298828125,0.3448387086391449,495.98813,377.01425,507.0943,110.788956,-39.640064,126.83379
1775118703.6977818,7,0.5998464822769165,0.5308164358139038,0.010559975169599056,0.598587155342102,-186.6521453857422,413.3332214355469,-1983.9716796875,0.3437769114971161,495.98947,377.01282,507.09485,110.78883,-39.63993,126.83375
1775118717.1474657,8,0.34309062361717224,0.7576600909233093,0.17032676935195923,0.5284210443496704,-55.072425842285156,377.6961364746094,-1926.7158203125,0.1647372543811798,556.5684,343.04077,377.0882,162.50633,-66.78588,61.954174
1775118717.1570601,8,0.3430277109146118,0.7577438950538635,0.17029114067554474,0.528353214263916,-55.07683181762695,377.6990661621094,-1926.7149658203125,0.1599573940038681,556.5692,343.0401,377.08975,162.50635,-66.78608,61.954044
1775118717.1691344,8,0.34303197264671326,0.7576963901519775,0.17026281356811523,0.5284276604652405,-55.08924102783203,377.69415283203125,-1926.6973876953125,0.16403838992118835,556.5691,343.04156,377.0906,162.50598,-66.78613,61.95457
1775118717.1810381,8,0.3430320918560028,0.7577776908874512,0.17033064365386963,0.5282891988754272,-55.07601547241211,377.6958312988281,-1926.689208984375,0.15852174162864685,556.5692,343.0411,377.09045,162.50566,-66.78605,61.954895
1775118717.1954572,8,0.34293332695961,0.7578141689300537,0.17022667825222015,0.5283344388008118,-55.06621551513672,377.69842529296875,-1926.7210693359375,0.15567301213741302,556.5689,343.04156,377.09033,162.5057,-66.786,61.954903
1775118717.207486,8,0.3427974283695221,0.7579308152198792,0.17007587850093842,0.5283039212226868,-55.054473876953125,377.7014465332031,-1926.71875,0.15405793488025665,556.56915,343.04095,377.0913,162.50609,-66.78619,61.9544
1775118717.220268,8,0.3428424000740051,0.7578544616699219,0.17014651000499725,0.5283614993095398,-55.04875564575195,377.6993103027344,-1926.7608642578125,0.15733949840068817,556.569,343.04004,377.08957,162.50577,-66.78597,61.95469
1775118717.2313225,8,0.3427571654319763,0.7579945921897888,0.17009690403938293,0.528231680393219,-55.04175567626953,377.70068359375,-1926.7706298828125,0.163382887840271,556.56934,343.04114,377.0906,162.50598,-66.78613,61.954525
1775118717.2428079,8,0.3427051603794098,0.7580775618553162,0.1700758934020996,0.5281531810760498,-55.04070281982422,377.6998291015625,-1926.7890625,0.14764417707920074,556.5694,343.0411,377.09238,162.50612,-66.78635,61.95435
1775118717.255474,8,0.3429969251155853,0.7577641010284424,0.170296311378479,0.5283425450325012,-55.05989074707031,377.701904296875,-1926.82666015625,0.16556276381015778,556.5695,343.0405,377.09045,162.50594,-66.78614,61.954494
1775118728.5828593,9,0.20108987390995026,0.6515089273452759,0.14307455718517303,0.7173762321472168,-82.48001098632812,306.66680908203125,-1862.7064208984375,0.16215172410011292,620.6883,275.22858,402.76816,51.357273,-82.01045,158.07117
1775118728.596807,9,0.20105046033859253,0.6515039801597595,0.14305761456489563,0.7173951864242554,-82.47309875488281,306.6678771972656,-1862.70361328125,0.16691242158412933,620.6885,275.22867,402.76804,51.356728,-82.01047,158.0717
1775118728.6078238,9,0.20105096697807312,0.6513852477073669,0.1430036574602127,0.7175135612487793,-82.4725341796875,306.664306640625,-1862.6846923828125,0.16614513099193573,620.6889,275.22766,402.76944,51.355537,-82.010376,158.07277
1775118728.6174953,9,0.20106971263885498,0.6514948606491089,0.14299632608890533,0.7174102663993835,-82.47247314453125,306.6695556640625,-1862.68359375,0.16472765803337097,620.6888,275.2289,402.7686,51.356136,-82.01043,158.07228
1775118728.6284199,9,0.20106303691864014,0.6516760587692261,0.14306554198265076,0.7172337174415588,-82.47666931152344,306.6685485839844,-1862.6590576171875,0.15318873524665833,620.68884,275.2276,402.76788,51.35709,-82.010414,158.0712
1775118728.6428087,9,0.20110566914081573,0.6517053842544556,0.14310456812381744,0.7171872854232788,-82.48220825195312,306.67181396484375,-1862.67431640625,0.1670602262020111,620.6879,275.2303,402.76807,51.35691,-82.010506,158.0717
1775118728.6533911,9,0.20120172202587128,0.6515894532203674,0.14318040013313293,0.7172505855560303,-82.48381805419922,306.6677551269531,-1862.6771240234375,0.16510239243507385,620.68884,275.2292,402.76877,51.356556,-82.01038,158.07199
1775118728.6671429,9,0.20109863579273224,0.6514783501625061,0.14304272830486298,0.7174078226089478,-82.48486328125,306.6654968261719,-1862.7071533203125,0.16229668259620667,620.6889,275.229,402.76965,51.35488,-82.01041,158.07356
1775118728.68042,9,0.2010081708431244,0.6515443921089172,0.14299112558364868,0.7173835039138794,-82.4842300415039,306.6653137207031,-1862.718017578125,0.17349667847156525,620.68896,275.22842,402.76834,51.356373,-82.01053,158.07207
1775118728.6901963,9,0.20109185576438904,0.6514720320701599,0.1430388242006302,0.7174162864685059,-82.47666931152344,306.6646728515625,-1862.717041015625,0.16719314455986023,620.68835,275.2292,402.76895,51.35583,-82.01039,158.07262
1775118738.2831635,10,0.25333526730537415,0.5621965527534485,0.013460760936141014,0.7871308922767639,-173.85250854492188,251.12130737304688,-1857.2470703125,0.21857090294361115,626.2004,220.89531,493.54044,56.19089,-62.160347,147.41602
1775118738.3082643,10,0.25340840220451355,0.5621032118797302,0.013505174778401852,0.787173330783844,-173.8502197265625,251.11866760253906,-1857.2313232421875,0.22304753959178925,626.20074,220.89503,493.542,56.19074,-62.160347,147.41614
1775118738.319971,10,0.25335660576820374,0.5619133114814758,0.013431662693619728,0.7873268127441406,-173.84030151367188,251.11929321289062,-1857.260986328125,0.21185773611068726,626.20026,220.89632,493.54358,56.19022,-62.16035,147.41667
1775118738.3336692,10,0.2535053491592407,0.5619741678237915,0.013666707091033459,0.7872314453125,-173.84420776367188,251.1134033203125,-1857.2529296875,0.22154131531715393,626.2002,220.89642,493.545,56.189796,-62.16016,147.41708
1775118738.3425195,10,0.253522127866745,0.5619274973869324,0.01361476257443428,0.7872602343559265,-173.84254455566406,251.11912536621094,-1857.2591552734375,0.20966701209545135,626.20013,220.89569,493.54547,56.18963,-62.160114,147.41713
1775118738.3553445,10,0.25341612100601196,0.5619218945503235,0.013551255688071251,0.7872994542121887,-173.8484344482422,251.11767578125,-1857.26318359375,0.2055947184562683,626.1992,220.89558,493.54648,56.189583,-62.16017,147.41724
1775118738.3684268,10,0.2535335421562195,0.5619403719902039,0.01364869624376297,0.787246823310852,-173.85748291015625,251.1193389892578,-1857.258544921875,0.1979815810918808,626.19965,220.89598,493.54715,56.189274,-62.16012,147.41754
1775118738.3789592,10,0.25358086824417114,0.562031090259552,0.013650945387780666,0.7871667742729187,-173.85348510742188,251.1230926513672,-1857.252685546875,0.20052377879619598,626.19946,220.89534,493.54758,56.189465,-62.160057,147.41736
1775118738.389497,10,0.2534818649291992,0.5621767044067383,0.01362228486686945,0.7870951294898987,-173.86270141601562,251.1263885498047,-1857.2484130859375,0.18848910927772522,626.19934,220.8947,493.54996,56.189083,-62.160007,147.41771
1775118738.4033065,10,0.253500372171402,0.5621368885040283,0.013656587339937687,0.787117063999176,-173.8502197265625,251.1226806640625,-1857.2437744140625,0.2011551856994629,626.1993,220.89465,493.5507,56.188972,-62.159863,147.41768
1775118747.8618977,11,0.3595277965068817,0.5500364899635315,-0.11810513585805893,0.7444802522659302,-85.12147521972656,241.4338836669922,-1822.76318359375,0.14832961559295654,662.3878,211.97604,406.0838,76.785126,-46.63011,125.535065
1775118747.8739383,11,0.35943853855133057,0.5497795343399048,-0.11820586025714874,0.744697093963623,-85.10438537597656,241.42904663085938,-1822.79931640625,0.1482955813407898,662.3878,211.97665,406.08408,76.78506,-46.630108,125.535164
1775118747.8864906,11,0.3595367670059204,0.5499712824821472,-0.11810337752103806,0.7445243000984192,-85.10281372070312,241.43289184570312,-1822.7718505859375,0.14556623995304108,662.3875,211.97836,406.08426,76.78507,-46.630116,125.53529
1775118747.8965967,11,0.35947859287261963,0.5497856140136719,-0.11817312985658646,0.7446784377098083,-85.10003662109375,241.42942810058594,-1822.7803955078125,0.14799870550632477,662.3883,211.97633,406.0859,76.78479,-46.63016,125.535324
1775118747.9087658,11,0.35952726006507874,0.5499767065048218,-0.11810290068387985,0.7445250153541565,-85.10910034179688,241.43283081054688,-1822.7769775390625,0.14884434640407562,662.38837,211.9764,406.08575,76.78488,-46.630116,125.535255
1775118747.985721,11,0.3593846261501312,0.5497730374336243,-0.11824660748243332,0.7447214126586914,-85.10325622558594,241.43275451660156,-1822.787353515625,0.14785896241664886,662.3885,211.97621,406.0849,76.78518,-46.62996,125.53511
1775118747.9995086,11,0.3593475818634033,0.5498744249343872,-0.11831862479448318,0.744653046131134,-85.10095977783203,241.43954467773438,-1822.790771484375,0.144229918718338,662.3885,211.97696,406.08502,76.78503,-46.629906,125.535286
1775118748.0112255,11,0.3592695891857147,0.549830436706543,-0.1183895468711853,0.7447118163108826,-85.105224609375,241.43746948242188,-1822.7742919921875,0.15129908919334412,662.38837,211.97739,406.08603,76.784966,-46.63001,125.53536
1775118748.0211673,11,0.3594580590724945,0.549925684928894,-0.11820454150438309,0.7445799708366394,-85.11419677734375,241.43641662597656,-1822.7738037109375,0.14279502630233765,662.3891,211.97533,406.08548,76.785034,-46.63001,125.53513
1775118748.036212,11,0.3593815863132477,0.5499114394187927,-0.11829737573862076,0.7446126937866211,-85.12091064453125,241.44053649902344,-1822.77978515625,0.1468607485294342,662.389,211.97601,406.0857,76.78498,-46.629856,125.535225
1775118757.6165617,12,0.30834075808525085,0.5842075943946838,-0.2859615683555603,0.6941566467285156,-116.89495086669922,101.05986785888672,-1826.8519287109375,0.16302825510501862,661.74854,73.338554,438.52682,79.1293,-39.080784,104.737495
1775118757.6270359,12,0.3082606792449951,0.584209680557251,-0.2860245704650879,0.6941644549369812,-116.896728515625,101.06047821044922,-1826.8570556640625,0.16440370678901672,661.7483,73.33851,438.52728,79.129234,-39.08068,104.73754
1775118757.6391904,12,0.30817851424217224,0.5841846466064453,-0.28611770272254944,0.6941837072372437,-116.89756774902344,101.05960083007812,-1826.8359375,0.1611728072166443,661.74805,73.338936,438.529,79.129036,-39.080765,104.73776
1775118757.651558,12,0.30813679099082947,0.5843464136123657,-0.2861870229244232,0.6940374374389648,-116.89723205566406,101.06450653076172,-1826.825439453125,0.16768397390842438,661.74866,73.338745,438.5298,79.128914,-39.080627,104.73775
1775118757.661866,12,0.3084214925765991,0.5843267440795898,-0.2858840227127075,0.6940524578094482,-116.90469360351562,101.05966186523438,-1826.83251953125,0.1628749519586563,661.748,73.34009,438.53015,79.12896,-39.080738,104.737885
1775118757.6740708,12,0.3082851767539978,0.5843068957328796,-0.2860408127307892,0.6940650939941406,-116.90422821044922,101.05973815917969,-1826.816162109375,0.16497793793678284,661.74805,73.33903,438.53113,79.12888,-39.080696,104.73781
1775118757.6860335,12,0.30820634961128235,0.5842188596725464,-0.2860899567604065,0.6941539645195007,-116.90843963623047,101.05690002441406,-1826.836669921875,0.16388827562332153,661.74805,73.339485,438.53293,79.128555,-39.08088,104.73807
1775118757.6974852,12,0.30833348631858826,0.584337592124939,-0.28595802187919617,0.6940519213676453,-116.91081237792969,101.0549087524414,-1826.8468017578125,0.1627853661775589,661.74817,73.33906,438.53314,79.1285,-39.080727,104.73806
1775118757.7101798,12,0.3082076907157898,0.5842143893241882,-0.28608885407447815,0.6941575407981873,-116.9019775390625,101.05390930175781,-1826.8214111328125,0.16782121360301971,661.74786,73.33891,438.53375,79.1285,-39.08079,104.73808
1775118757.7215168,12,0.30816712975502014,0.5843564867973328,-0.2861528694629669,0.6940295696258545,-116.90496826171875,101.05474090576172,-1826.8179931640625,0.16453109681606293,661.7479,73.33725,438.53293,79.128586,-39.08082,104.73782
1775118769.727418,13,0.4596027731895447,0.42256173491477966,-0.47472938895225525,0.6203537583351135,-129.527099609375,58.74759292602539,-1825.4775390625,0.19585664570331573,664.5929,30.862806,450.75186,76.3327,-4.779932,103.46866
1775118769.7409394,13,0.4595660865306854,0.4223957359790802,-0.47471359372138977,0.6205061674118042,-129.51971435546875,58.74640655517578,-1825.4898681640625,0.197330042719841,664.59265,30.864332,450.75183,76.33282,-4.779932,103.468796
1775118769.7575753,13,0.45955750346183777,0.4225606918334961,-0.474771112203598,0.6203561425209045,-129.51646423339844,58.75115966796875,-1825.4666748046875,0.19860345125198364,664.59265,30.86452,450.75473,76.332535,-4.779871,103.468895
1775118769.7746058,13,0.4592384099960327,0.42236706614494324,-0.4750337302684784,0.62052321434021,-129.5109100341797,58.75446319580078,-1825.4705810546875,0.19199307262897491,664.5927,30.863914,450.75616,76.33236,-4.7798724,103.46881
1775118769.7873185,13,0.45959532260894775,0.42231178283691406,-0.4746895134449005,0.6205600500106812,-129.5003204345703,58.751426696777344,-1825.50390625,0.19461293518543243,664.59235,30.864254,450.75613,76.33241,-4.779913,103.46882
1775118769.7975588,13,0.4595359265804291,0.42255476117134094,-0.47475185990333557,0.6203908920288086,-129.51763916015625,58.755760192871094,-1825.487548828125,0.20058399438858032,664.5925,30.863405,450.75748,76.33215,-4.779733,103.46879
1775118769.8116024,13,0.45946940779685974,0.4224238395690918,-0.474796324968338,0.6204953193664551,-129.52793884277344,58.75577926635742,-1825.4892578125,0.19602864980697632,664.59247,30.86394,450.7586,76.33213,-4.779796,103.46886
1775118769.824568,13,0.4594420790672302,0.4223870635032654,-0.4748644232749939,0.6204884052276611,-129.5220184326172,58.75644302368164,-1825.4825439453125,0.1982349008321762,664.59186,30.86311,450.75897,76.33208,-4.7797837,103.46876
1775118769.8377357,13,0.4594119191169739,0.422297865152359,-0.4748426675796509,0.6205881237983704,-129.5257568359375,58.75252151489258,-1825.484375,0.19236436486244202,664.5921,30.864534,450.76007,76.33203,-4.7797217,103.46898
1775118769.8476582,13,0.4595324397087097,0.4225103557109833,-0.47473740577697754,0.6204348206520081,-129.52676391601562,58.753448486328125,-1825.472412109375,0.1961379498243332,664.5921,30.861927,450.76016,76.33196,-4.7797303,103.468796
1775118779.6824384,14,0.5941301584243774,0.3812527656555176,-0.5026189684867859,0.49902886152267456,-91.52507019042969,19.68082618713379,-1837.5633544921875,0.17168068885803223,654.29266,-9.064339,414.0359,89.07211,12.7603245,104.13897
1775118779.695282,14,0.5941831469535828,0.38119715452194214,-0.5025447010993958,0.4990830719470978,-91.54393768310547,19.67572784423828,-1837.5587158203125,0.16913944482803345,654.29266,-9.063739,414.0361,89.072235,12.760363,104.13908
1775118779.707359,14,0.5943277478218079,0.3811900019645691,-0.502404510974884,0.4990575313568115,-91.55107116699219,19.672897338867188,-1837.5660400390625,0.16797666251659393,654.2921,-9.062403,414.03735,89.07208,12.760326,104.139145
1775118779.725554,14,0.5941622853279114,0.3813588619232178,-0.502601146697998,0.498927503824234,-91.54261779785156,19.675827026367188,-1837.5177001953125,0.16785748302936554,654.2921,-9.06438,414.03925,89.0719,12.760366,104.13896
1775118779.7626297,14,0.5943732261657715,0.38132473826408386,-0.5023695826530457,0.4989355504512787,-91.52102661132812,19.67333984375,-1837.525634765625,0.17129550874233246,654.29205,-9.064319,414.04138,89.07178,12.760462,104.13897
1775118779.790484,14,0.5943072438240051,0.381564736366272,-0.5025153756141663,0.4986838102340698,-91.54170227050781,19.681297302246094,-1837.48486328125,0.17543862760066986,654.29156,-9.063584,414.04343,89.07148,12.760387,104.138916
1775118779.8002243,14,0.5944019556045532,0.38171762228012085,-0.502409815788269,0.4985603392124176,-91.5557632446289,19.683155059814453,-1837.473876953125,0.17822027206420898,654.2921,-9.064315,414.04428,89.07133,12.760573,104.13887
1775118779.8198779,14,0.594245195388794,0.38176947832107544,-0.5025954842567444,0.4985203444957733,-91.5577163696289,19.68743896484375,-1837.462646484375,0.17615896463394165,654.29144,-9.06394,414.04517,89.071335,12.760465,104.138916
1775118779.8303323,14,0.5942456126213074,0.3818316161632538,-0.5026062726974487,0.4984613060951233,-91.5506820678711,19.6904239654541,-1837.44775390625,0.17497479915618896,654.29144,-9.064789,414.04626,89.071304,12.760488,104.1389
1775118779.8403993,14,0.594222366809845,0.3818814158439636,-0.5026329159736633,0.4984240233898163,-91.54617309570312,19.688880920410156,-1837.4697265625,0.1765228509902954,654.2909,-9.064603,414.04553,89.071335,12.760519,104.13887
1775118790.271119,15,0.6319035887718201,0.25472739338874817,-0.6266013383865356,0.37839475274086,-28.338186264038086,-77.24800872802734,-1801.113037109375,0.16364121437072754,694.9413,-104.6318,351.24414,84.2996,36.920063,97.77414
1775118790.2866175,15,0.6317964196205139,0.2546815276145935,-0.6266780495643616,0.3784774839878082,-28.342056274414062,-77.24869537353516,-1801.1024169921875,0.16569526493549347,694.9418,-104.63163,351.2454,84.29943,36.92005,97.774086
1775118790.3006604,15,0.6320735812187195,0.25494733452796936,-0.6264650225639343,0.3781883418560028,-28.338050842285156,-77.24954223632812,-1801.10595703125,0.17136240005493164,694.9413,-104.63329,351.2451,84.29949,36.920048,97.77398
1775118790.3107483,15,0.6315475702285767,0.2548081576824188,-0.6269699335098267,0.3783241808414459,-28.34308433532715,-77.24493408203125,-1801.09130859375,0.1664317101240158,694.9414,-104.631004,351.24585,84.29951,36.920086,97.77421
1775118790.3210835,15,0.6319655776023865,0.25491949915885925,-0.6265568733215332,0.37823551893234253,-28.343929290771484,-77.2464828491211,-1801.0989990234375,0.1697215735912323,694.94104,-104.63234,351.2458,84.29943,36.920017,97.773994
1775118790.333573,15,0.6316756010055542,0.2548660933971405,-0.6268441081047058,0.3782799243927002,-28.345796585083008,-77.24366760253906,-1801.0809326171875,0.16878710687160492,694.94135,-104.63329,351.24756,84.29921,36.920063,97.77381
1775118790.3430183,15,0.6317445635795593,0.25475403666496277,-0.626743733882904,0.37840649485588074,-28.347719192504883,-77.24414825439453,-1801.107421875,0.16774822771549225,694.94196,-104.632484,351.2493,84.29906,36.920147,97.77385
1775118790.354622,15,0.6318470239639282,0.2548033595085144,-0.6266682147979736,0.37832722067832947,-28.34511375427246,-77.24302673339844,-1801.09814453125,0.1681956648826599,694.9418,-104.63152,351.24945,84.29905,36.920113,97.773895
1775118790.3661501,15,0.6317853331565857,0.2547553777694702,-0.6267020106315613,0.3784066140651703,-28.342117309570312,-77.24063110351562,-1801.0994873046875,0.16653680801391602,694.94214,-104.63182,351.25,84.29893,36.920235,97.77386
1775118790.378121,15,0.6318247318267822,0.2548421025276184,-0.6266851425170898,0.3783103823661804,-28.34122085571289,-77.23683166503906,-1801.094970703125,0.168280228972435,694.94196,-104.63272,351.24994,84.298935,36.920086,97.77369
1775118798.3967369,16,0.5880381464958191,0.25852060317993164,-0.7045925855636597,0.3015419542789459,-30.411605834960938,-166.73655700683594,-1812.575439453125,0.16688138246536255,686.3674,-193.46532,352.7899,75.48699,42.140488,81.69268
1775118798.4096675,16,0.5880778431892395,0.2586464285850525,-0.7045690417289734,0.30141156911849976,-30.41513442993164,-166.73849487304688,-1812.586669921875,0.16656966507434845,686.367,-193.46576,352.7886,75.48731,42.140553,81.69289
1775118798.4237227,16,0.5880371928215027,0.258292555809021,-0.7046039700508118,0.30171266198158264,-30.417678833007812,-166.7381591796875,-1812.5994873046875,0.1646801233291626,686.36743,-193.46521,352.78955,75.48706,42.14078,81.69277
1775118798.4359922,16,0.588036060333252,0.25829336047172546,-0.7045804858207703,0.30176883935928345,-30.426868438720703,-166.73236083984375,-1812.591552734375,0.16728171706199646,686.367,-193.46648,352.79068,75.486984,42.140602,81.692566
1775118798.449312,16,0.5880063772201538,0.25816911458969116,-0.7046141624450684,0.30185455083847046,-30.423480987548828,-166.73382568359375,-1812.599365234375,0.165876567363739,686.367,-193.46645,352.79083,75.48692,42.14054,81.692535
1775118798.4607692,16,0.5880326628684998,0.2583257853984833,-0.7046047449111938,0.3016911447048187,-30.419897079467773,-166.73414611816406,-1812.5875244140625,0.16238129138946533,686.3665,-193.46689,352.79123,75.48674,42.14066,81.6924
1775118798.4728005,16,0.5880434513092041,0.2582707107067108,-0.7045926451683044,0.30174562335014343,-30.415815353393555,-166.73117065429688,-1812.5908203125,0.1650659292936325,686.3672,-193.46689,352.7911,75.48693,42.14058,81.692535
1775118798.48361,16,0.587870180606842,0.2582685351371765,-0.7047383785247803,0.30174463987350464,-30.415027618408203,-166.7322235107422,-1812.578125,0.1633634716272354,686.36755,-193.46739,352.79254,75.48658,42.140686,81.692276
1775118798.4934056,16,0.5879464149475098,0.25823572278022766,-0.704673171043396,0.3017765283584595,-30.416677474975586,-166.73153686523438,-1812.582763671875,0.16430950164794922,686.3666,-193.46703,352.7916,75.48684,42.14064,81.69241
1775118798.5041077,16,0.5879669785499573,0.2583724558353424,-0.7046602368354797,0.3016495406627655,-30.415102005004883,-166.73193359375,-1812.5732421875,0.16390511393547058,686.3666,-193.46779,352.792,75.486725,42.14056,81.69221
1775118807.1086972,17,0.6359367966651917,0.2526146471500397,-0.7094814777374268,0.16854162514209747,21.565954208374023,-211.3395538330078,-1845.62353515625,0.17248858511447906,655.5415,-238.4631,301.033,82.64521,54.58175,77.80498
1775118807.122139,17,0.6359367966651917,0.2524518370628357,-0.7095088362693787,0.16867034137248993,21.56052017211914,-211.338623046875,-1845.634765625,0.18016549944877625,655.5427,-238.46257,301.03296,82.645035,54.58177,77.80492
1775118807.1365714,17,0.6360689401626587,0.25259798765182495,-0.7093713283538818,0.16853143274784088,21.565641403198242,-211.33901977539062,-1845.6500244140625,0.1788906455039978,655.5419,-238.46167,301.03336,82.64501,54.581814,77.80489
1775118807.1496718,17,0.6359639167785645,0.2527891993522644,-0.7094479203224182,0.16831852495670319,21.56731605529785,-211.34414672851562,-1845.6253662109375,0.18022826313972473,655.5419,-238.46355,301.0335,82.64504,54.581715,77.80484
1775118807.1578586,17,0.6359841823577881,0.25264793634414673,-0.7094458341598511,0.16846278309822083,21.567935943603516,-211.34713745117188,-1845.6431884765625,0.1669379323720932,655.54175,-238.4622,301.03345,82.64506,54.581673,77.80485
1775118807.168672,17,0.6360716223716736,0.25260016322135925,-0.7093737125396729,0.16850794851779938,21.565662384033203,-211.34312438964844,-1845.6419677734375,0.17522314190864563,655.5421,-238.46315,301.0342,82.64489,54.581726,77.80471
1775118807.1790278,17,0.6360247731208801,0.25262710452079773,-0.7094097137451172,0.16849295794963837,21.563148498535156,-211.347900390625,-1845.6444091796875,0.17258569598197937,655.5423,-238.46266,301.0331,82.645035,54.58179,77.80487
1775118807.1886756,17,0.6359813809394836,0.2526923418045044,-0.7094348073005676,0.1684533655643463,21.56280517578125,-211.35055541992188,-1845.6402587890625,0.17682908475399017,655.54205,-238.46379,301.03314,82.64506,54.58176,77.804756
1775118807.1995132,17,0.6359001994132996,0.2525523900985718,-0.7095240950584412,0.16859351098537445,21.558866500854492,-211.34544372558594,-1845.611083984375,0.1779770702123642,655.5424,-238.46275,301.0345,82.644714,54.581738,77.804565
1775118807.2085207,17,0.6360713839530945,0.25251996517181396,-0.7093839049339294,0.16858626902103424,21.561031341552734,-211.34779357910156,-1845.635009765625,0.17172886431217194,655.5413,-238.4633,301.0338,82.64505,54.58178,77.80475
1775118818.236267,18,0.5950523018836975,0.04395823925733566,-0.7992910146713257,0.07151398807764053,-80.67698669433594,-244.2193145751953,-1803.751953125,0.16511476039886475,696.97925,-270.66418,402.6172,27.603254,70.33259,31.862213
1775118818.2590933,18,0.5949052572250366,0.04403829947113991,-0.7994018197059631,0.07145016640424728,-80.68108367919922,-244.2202911376953,-1803.7425537109375,0.16316641867160797,696.97876,-270.66513,402.6186,27.60291,70.3325,31.861843
1775118818.271099,18,0.5951642990112305,0.04414289444684982,-0.7992134690284729,0.07133552432060242,-80.672119140625,-244.2254638671875,-1803.769287109375,0.16381849348545074,696.97894,-270.6655,402.61957,27.602644,70.33253,31.861616
1775118818.2817304,18,0.595111608505249,0.04400886967778206,-0.7992488741874695,0.07146092504262924,-80.67174530029297,-244.22250366210938,-1803.7677001953125,0.1627761870622635,696.9787,-270.665,402.62177,27.60238,70.33237,31.861376
1775118818.2912421,18,0.595057487487793,0.04398268833756447,-0.7992852330207825,0.07152077555656433,-80.67731475830078,-244.2172088623047,-1803.7579345703125,0.16334231197834015,696.9785,-270.66568,402.62213,27.602297,70.33226,31.861221
1775118818.3012326,18,0.5951165556907654,0.044138383120298386,-0.7992483973503113,0.07134517282247543,-80.68002319335938,-244.21932983398438,-1803.7520751953125,0.16512860357761383,696.9786,-270.66507,402.6233,27.602257,70.33216,31.861246
1775118818.3120847,18,0.5949665307998657,0.044075917452573776,-0.7993583083152771,0.07140330970287323,-80.69113159179688,-244.22137451171875,-1803.7642822265625,0.16264992952346802,696.97833,-270.6661,402.6243,27.60186,70.332146,31.860804
1775118818.3243313,18,0.5951197743415833,0.0439738966524601,-0.7992392778396606,0.07152169942855835,-80.68621826171875,-244.21539306640625,-1803.7750244140625,0.16377149522304535,696.9788,-270.66443,402.62546,27.601685,70.33208,31.860775
1775118818.3371253,18,0.5950055122375488,0.044102128595113754,-0.7993321418762207,0.07135505974292755,-80.68909454345703,-244.22515869140625,-1803.7503662109375,0.1609179526567459,696.9789,-270.6655,402.62607,27.601507,70.33208,31.860546
1775118818.347004,18,0.5950009822845459,0.04405929893255234,-0.7993304133415222,0.07143838703632355,-80.69415283203125,-244.21762084960938,-1803.7550048828125,0.16469767689704895,696.97845,-270.6643,402.62888,27.601023,70.33196,31.860165
1775118829.3915894,19,0.6516950726509094,-0.04382459446787834,-0.7428269386291504,-0.14690479636192322,-97.42698669433594,-330.2434387207031,-1880.9818115234375,0.18142680823802948,622.17444,-358.428,419.1841,121.883804,107.33889,115.113434
1775118829.4060168,19,0.651835560798645,-0.04373631998896599,-0.7426772117614746,-0.1470649391412735,-97.43183898925781,-330.2518005371094,-1881.00927734375,0.18639299273490906,622.173,-358.4292,419.18436,121.883606,107.33889,115.11315
1775118829.422969,19,0.6520757675170898,-0.043976910412311554,-0.742506742477417,-0.14678889513015747,-97.43220520019531,-330.241455078125,-1881.03466796875,0.1808207631111145,622.1739,-358.42743,419.18472,121.88379,107.33878,115.11343
1775118829.434856,19,0.6520822048187256,-0.04399987682700157,-0.742501974105835,-0.1467776894569397,-97.42736053466797,-330.2373352050781,-1881.0186767578125,0.1764213591814041,622.1727,-358.42914,419.18744,121.8843,107.339066,115.113815
1775118829.4484925,19,0.6519923806190491,-0.043868545442819595,-0.7425581216812134,-0.14693164825439453,-97.42398071289062,-330.2390441894531,-1881.0093994140625,0.1682106852531433,622.1734,-358.42853,419.1886,121.8846,107.33919,115.11409
1775118829.459213,19,0.6520981192588806,-0.04373227804899216,-0.7424440383911133,-0.14707931876182556,-97.416015625,-330.2464599609375,-1881.0599365234375,0.1620863527059555,622.1736,-358.4289,419.18918,121.88455,107.33928,115.114075
1775118829.472235,19,0.652042806148529,-0.04392058774828911,-0.7425165176391602,-0.14690250158309937,-97.41864013671875,-330.2475280761719,-1881.0565185546875,0.1599622517824173,622.17316,-358.42825,419.1902,121.884995,107.33926,115.11452
1775118829.4852755,19,0.6518751978874207,-0.043838679790496826,-0.7426636815071106,-0.14692722260951996,-97.42558288574219,-330.2445373535156,-1881.02880859375,0.1753908395767212,622.1732,-358.4287,419.19077,121.88518,107.33935,115.1147
1775118829.4945354,19,0.6518855690956116,-0.04415678605437279,-0.7426963448524475,-0.1466204673051834,-97.4263916015625,-330.23931884765625,-1881.0213623046875,0.17384564876556396,622.17334,-358.4278,419.19217,121.88537,107.33942,115.114914
1775118829.506915,19,0.6520235538482666,-0.04425235092639923,-0.7425901889801025,-0.14651551842689514,-97.41371154785156,-330.2182922363281,-1880.95458984375,0.17511118948459625,622.173,-358.4287,419.19318,121.88552,107.33951,115.115005
1775118838.4018445,20,0.5755208134651184,-0.15409119427204132,-0.7757695913314819,-0.20787815749645233,-145.30279541015625,-325.9116516113281,-1845.967529296875,0.16412563621997833,656.60034,-353.57724,466.67615,122.467186,124.21892,119.3468
1775118838.4112923,20,0.5755875706672668,-0.15413857996463776,-0.7757247686386108,-0.20782510936260223,-145.305908203125,-325.90582275390625,-1845.9769287109375,0.16880305111408234,656.60034,-353.5765,466.6742,122.46677,124.21876,119.34653
1775118838.4245412,20,0.5754215121269226,-0.15420016646385193,-0.7758579254150391,-0.20774231851100922,-145.31149291992188,-325.8983459472656,-1845.9361572265625,0.1664290428161621,656.6009,-353.57712,466.67606,122.467,124.21895,119.34672
1775118838.438155,20,0.575515866279602,-0.15415897965431213,-0.7757861018180847,-0.2077796906232834,-145.31765747070312,-325.9051513671875,-1845.9803466796875,0.16349056363105774,656.60187,-353.57614,466.67722,122.467255,124.21907,119.34703
1775118838.449708,20,0.5755974650382996,-0.15409408509731293,-0.7757124900817871,-0.20787669718265533,-145.3095703125,-325.9042053222656,-1845.9898681640625,0.166134774684906,656.6007,-353.57703,466.67596,122.467064,124.21902,119.34677
1775118838.459392,20,0.5756762623786926,-0.15435481071472168,-0.775662362575531,-0.20765218138694763,-145.3067626953125,-325.9013671875,-1845.9854736328125,0.17158770561218262,656.60187,-353.57593,466.67618,122.467155,124.21899,119.34701
1775118838.4720237,20,0.5756679773330688,-0.15418367087841034,-0.7756574749946594,-0.20782028138637543,-145.30050659179688,-325.90313720703125,-1845.9937744140625,0.16571824252605438,656.6013,-353.57715,466.6772,122.4673,124.219025,119.346985
1775118838.483233,20,0.5754648447036743,-0.15422554314136505,-0.7758187651634216,-0.20774966478347778,-145.30484008789062,-325.90313720703125,-1845.98193359375,0.16470684111118317,656.60034,-353.578,466.67795,122.4672,124.219215,119.34682
1775118838.4940643,20,0.5754417181015015,-0.15415677428245544,-0.7758400440216064,-0.20778529345989227,-145.30105590820312,-325.902587890625,-1845.958251953125,0.16704106330871582,656.602,-353.57526,466.67853,122.46733,124.21926,119.34721
1775118838.5044322,20,0.5755084156990051,-0.15406930446624756,-0.7757863402366638,-0.20786602795124054,-145.30148315429688,-325.90509033203125,-1845.975341796875,0.16437572240829468,656.601,-353.57794,466.67877,122.46747,124.21932,119.347115
1775118849.4957964,21,0.4363265633583069,-0.31785833835601807,-0.7808667421340942,-0.3143761456012726,-242.1107177734375,-285.66802978515625,-1841.153076171875,0.18997381627559662,659.2175,-314.30814,562.5057,119.408325,151.44928,120.92982
1775118849.5055063,21,0.4361186921596527,-0.3176225423812866,-0.7810010313987732,-0.3145691156387329,-242.13922119140625,-285.6715087890625,-1841.150390625,0.18176481127738953,659.217,-314.30795,562.5079,119.40854,151.44939,120.92996
1775118849.5198824,21,0.43610262870788574,-0.3176370859146118,-0.7810194492340088,-0.3145310878753662,-242.13107299804688,-285.669677734375,-1841.1414794921875,0.184348464012146,659.2166,-314.3078,562.5089,119.40864,151.44936,120.93005
1775118849.533458,21,0.4362892210483551,-0.31776154041290283,-0.7808902859687805,-0.3144672214984894,-242.15773010253906,-285.6771240234375,-1841.154541015625,0.18639330565929413,659.2164,-314.30768,562.51117,119.40862,151.44952,120.92999
1775118849.5427017,21,0.4362069070339203,-0.31771430373191833,-0.7809271812438965,-0.3145376741886139,-242.15675354003906,-285.68170166015625,-1841.1478271484375,0.18684838712215424,659.2157,-314.30862,562.51105,119.40867,151.44958,120.92995
1775118849.5522125,21,0.43619605898857117,-0.31783169507980347,-0.7809622287750244,-0.31434696912765503,-242.16209411621094,-285.6754455566406,-1841.147216796875,0.1883489489555359,659.216,-314.3067,562.51215,119.408775,151.44969,120.93021
1775118849.5624723,21,0.4362136125564575,-0.3177757263183594,-0.7809510827064514,-0.3144068419933319,-242.14810180664062,-285.671630859375,-1841.1395263671875,0.18883340060710907,659.21564,-314.30682,562.5134,119.40887,151.44974,120.9302
1775118849.572505,21,0.4362485110759735,-0.31768685579299927,-0.7809162735939026,-0.31453466415405273,-242.1456298828125,-285.6808166503906,-1841.1632080078125,0.1844937801361084,659.21484,-314.30753,562.5148,119.40897,151.44981,120.93024
1775118849.6100788,21,0.43625929951667786,-0.3176296651363373,-0.7809101939201355,-0.3145926296710968,-242.13522338867188,-285.67730712890625,-1841.1600341796875,0.18720249831676483,659.21423,-314.3078,562.5168,119.409035,151.44995,120.93023
1775118849.6324756,21,0.4363398253917694,-0.31773674488067627,-0.7808692455291748,-0.3144743740558624,-242.15994262695312,-285.6694030761719,-1841.176025390625,0.18839798867702484,659.2133,-314.30835,562.51764,119.40914,151.45001,120.9302
1775118860.2828364,22,0.46354225277900696,-0.37765127420425415,-0.6402935981750488,-0.48221588134765625,-307.8236389160156,-306.3392028808594,-1934.6014404296875,0.15210098028182983,564.6416,-336.97382,627.7887,108.02696,166.69887,98.05649
1775118860.2971044,22,0.4637928009033203,-0.3777872920036316,-0.6400651931762695,-0.4821717143058777,-307.82745361328125,-306.34295654296875,-1934.6243896484375,0.16015669703483582,564.6417,-336.97272,627.79144,108.02714,166.6991,98.056595
1775118860.3087075,22,0.46355459094047546,-0.37774857878685,-0.6403133869171143,-0.48210155963897705,-307.84375,-306.3440856933594,-1934.6119384765625,0.15142977237701416,564.6415,-336.97223,627.7917,108.02726,166.69908,98.05668
1775118860.3206859,22,0.4637685716152191,-0.37770166993141174,-0.6400713324546814,-0.48225393891334534,-307.8482360839844,-306.35003662109375,-1934.654296875,0.15556862950325012,564.63983,-336.97275,627.7929,108.02741,166.69897,98.05669
1775118860.330512,22,0.4635718762874603,-0.37779098749160767,-0.640292763710022,-0.4820791184902191,-307.8531188964844,-306.34149169921875,-1934.615966796875,0.15466462075710297,564.63965,-336.97128,627.7946,108.02742,166.69911,98.05674
1775118860.3404524,22,0.4635489284992218,-0.3777785003185272,-0.6403066515922546,-0.4820924997329712,-307.8448181152344,-306.3413391113281,-1934.60546875,0.1528301239013672,564.63947,-336.97153,627.795,108.02751,166.69913,98.05679
1775118860.351167,22,0.4637693166732788,-0.3779323399066925,-0.6400982737541199,-0.4820367097854614,-307.8421630859375,-306.3458557128906,-1934.6273193359375,0.15935908257961273,564.639,-336.97113,627.7965,108.027596,166.69919,98.05678
1775118860.3628762,22,0.46375298500061035,-0.37772613763809204,-0.6400895118713379,-0.48222559690475464,-307.8362731933594,-306.34503173828125,-1934.6507568359375,0.15417081117630005,564.6374,-336.97217,627.7983,108.027824,166.69925,98.05673
1775118860.378095,22,0.46358779072761536,-0.37759047746658325,-0.6402062773704529,-0.4823356568813324,-307.83343505859375,-306.34466552734375,-1934.635498046875,0.1513681709766388,564.6377,-336.97043,627.8,108.02786,166.69943,98.0569
1775118860.3907218,22,0.4635281264781952,-0.3777722120285034,-0.6402975916862488,-0.48212945461273193,-307.8453674316406,-306.339111328125,-1934.611572265625,0.15539391338825226,564.6372,-336.97043,627.80005,108.02794,166.69936,98.05692
1775118869.4386969,23,0.39296606183052063,-0.31003257632255554,-0.6197152733802795,-0.6044919490814209,-360.66619873046875,-308.3204345703125,-1996.254638671875,0.193990096449852,503.10245,-340.0146,678.3326,121.01951,173.37813,89.70865
1775118869.4510481,23,0.3930448591709137,-0.3102022707462311,-0.61972576379776,-0.6043428778648376,-360.66766357421875,-308.3173522949219,-1996.2529296875,0.2051810324192047,503.1022,-340.01373,678.3326,121.01952,173.37808,89.70872
1775118869.4628983,23,0.3929234445095062,-0.31009307503700256,-0.6198119521141052,-0.6043894290924072,-360.66302490234375,-308.32025146484375,-1996.235595703125,0.19908346235752106,503.10132,-340.014,678.33514,121.01979,173.37805,89.708755
1775118869.4758615,23,0.3928481936454773,-0.30998343229293823,-0.6198294162750244,-0.6044766902923584,-360.6598205566406,-308.3237609863281,-1996.249755859375,0.18839581310749054,503.10052,-340.01413,678.3364,121.01992,173.37817,89.708725
1775118869.4909165,23,0.3930726647377014,-0.30991971492767334,-0.6195831894874573,-0.6046158671379089,-360.6518249511719,-308.31878662109375,-1996.2724609375,0.1911061406135559,503.10046,-340.0132,678.33777,121.0201,173.3782,89.70885
1775118869.5062978,23,0.39295676350593567,-0.30993956327438354,-0.619722843170166,-0.6045377850532532,-360.66748046875,-308.31787109375,-1996.2540283203125,0.19021949172019958,503.09918,-340.01443,678.33813,121.02021,173.37817,89.70871
1775118869.518375,23,0.3930374085903168,-0.31000909209251404,-0.6196327209472656,-0.6045421957969666,-360.6682434082031,-308.31988525390625,-1996.2591552734375,0.1973348706960678,503.10086,-340.01224,678.3383,121.02015,173.37817,89.70902
1775118869.5307462,23,0.3929978013038635,-0.3099144399166107,-0.6196529269218445,-0.6045957207679749,-360.6668701171875,-308.3249816894531,-1996.27197265625,0.1992797553539276,503.0992,-340.01306,678.3397,121.02034,173.3782,89.70885
1775118869.5406387,23,0.39292627573013306,-0.3099112808704376,-0.6197265982627869,-0.604568362236023,-360.67645263671875,-308.3258056640625,-1996.2647705078125,0.19588561356067657,503.10007,-340.01248,678.3383,121.0202,173.37822,89.70897
1775118869.5505505,23,0.3929913640022278,-0.3100140392780304,-0.6196864247322083,-0.6045145392417908,-360.67279052734375,-308.3255310058594,-1996.27197265625,0.2028225064277649,503.09866,-340.01324,678.3401,121.020386,173.37827,89.70884
1775118882.605808,24,0.25696536898612976,-0.5663917064666748,-0.4122447073459625,-0.6657503247261047,-414.84698486328125,-253.26516723632812,-1956.2882080078125,0.16107498109340668,539.2623,-284.95624,734.8596,107.19649,-147.32066,89.492
1775118882.62079,24,0.25697121024131775,-0.5663978457450867,-0.4122314751148224,-0.665751039981842,-414.8447265625,-253.2666473388672,-1956.281494140625,0.16332107782363892,539.2617,-284.95615,734.86084,107.19659,-147.32063,89.49192
1775118882.6311443,24,0.25678277015686035,-0.5663785934448242,-0.412476509809494,-0.6656883358955383,-414.8394775390625,-253.26544189453125,-1956.264404296875,0.1566050797700882,539.2615,-284.95486,734.8625,107.19678,-147.32062,89.49197
1775118882.6409855,24,0.2567966878414154,-0.5662903785705566,-0.4123857021331787,-0.6658143401145935,-414.8453063964844,-253.2640380859375,-1956.29638671875,0.14410169422626495,539.2602,-284.95557,734.8622,107.19671,-147.3206,89.49184
1775118882.650267,24,0.2568132281303406,-0.5662575364112854,-0.4123803377151489,-0.6658391952514648,-414.8490295410156,-253.26429748535156,-1956.296630859375,0.1554618924856186,539.25964,-284.95508,734.865,107.19699,-147.32031,89.49174
1775118882.6611712,24,0.25697067379951477,-0.5661905407905579,-0.4122219979763031,-0.6659334301948547,-414.8481140136719,-253.26446533203125,-1956.308349609375,0.14761251211166382,539.2585,-284.95596,734.86536,107.19707,-147.3205,89.49158
1775118882.670497,24,0.25673308968544006,-0.5661990642547607,-0.4124714136123657,-0.6658633947372437,-414.8580017089844,-253.26754760742188,-1956.302734375,0.1544775366783142,539.2582,-284.95428,734.8673,107.19726,-147.32027,89.491646
1775118882.677506,24,0.25691482424736023,-0.5662958025932312,-0.4122549295425415,-0.6658450961112976,-414.854248046875,-253.26254272460938,-1956.2955322265625,0.15672186017036438,539.25824,-284.95355,734.86755,107.19727,-147.32025,89.49166
1775118882.688133,24,0.25697264075279236,-0.5662384033203125,-0.4122481346130371,-0.6658757925033569,-414.85504150390625,-253.2640380859375,-1956.3092041015625,0.1482245922088623,539.2564,-284.9549,734.8691,107.19741,-147.32024,89.49145
1775118882.698752,24,0.2567465007305145,-0.5661149024963379,-0.41248172521591187,-0.6659234166145325,-414.85382080078125,-253.2622528076172,-1956.2967529296875,0.14646194875240326,539.25525,-284.9547,734.8702,107.197655,-147.3202,89.491325
1775118891.252129,25,0.27606073021888733,-0.6542471647262573,-0.31469500064849854,-0.6298556923866272,-365.48309326171875,-228.5007781982422,-1924.6241455078125,0.1480208784341812,570.3803,-258.85895,687.7407,91.36786,-139.30951,94.38203
1775118891.2625692,25,0.27592605352401733,-0.6544848084449768,-0.31480202078819275,-0.6296142935752869,-365.49346923828125,-228.49903869628906,-1924.5887451171875,0.1490495204925537,570.3801,-258.85843,687.7408,91.36786,-139.30951,94.38207
1775118891.2739518,25,0.27594175934791565,-0.6544652581214905,-0.31479960680007935,-0.6296288967132568,-365.48675537109375,-228.50006103515625,-1924.5916748046875,0.15006186068058014,570.38116,-258.8578,687.7405,91.367874,-139.30956,94.382126
1775118891.286854,25,0.2758966386318207,-0.6543757319450378,-0.3148632049560547,-0.6297100186347961,-365.4943542480469,-228.5059814453125,-1924.62255859375,0.14588052034378052,570.3812,-258.85715,687.7401,91.36759,-139.30952,94.38235
1775118891.300453,25,0.27594754099845886,-0.6542776226997375,-0.3148414194583893,-0.6298004984855652,-365.48687744140625,-228.50445556640625,-1924.6082763671875,0.1455031782388687,570.381,-258.8576,687.7414,91.36791,-139.30943,94.3821
1775118891.311809,25,0.2759205102920532,-0.6545357704162598,-0.31483638286590576,-0.629546582698822,-365.4886474609375,-228.5033721923828,-1924.5924072265625,0.15142378211021423,570.38074,-258.8581,687.7409,91.36779,-139.30945,94.38212
1775118891.3240297,25,0.2759324610233307,-0.6543623208999634,-0.31483614444732666,-0.6297217011451721,-365.48870849609375,-228.5051727294922,-1924.6300048828125,0.1502843201160431,570.3818,-258.85684,687.7416,91.367905,-139.30948,94.38218
1775118891.3369672,25,0.2759982645511627,-0.6543756723403931,-0.31481173634529114,-0.6296911835670471,-365.47772216796875,-228.5054931640625,-1924.60693359375,0.15061961114406586,570.3805,-258.85803,687.74225,91.36803,-139.30942,94.38198
1775118891.3464415,25,0.27587664127349854,-0.6543962359428406,-0.31490084528923035,-0.6296785473823547,-365.4765930175781,-228.50619506835938,-1924.6124267578125,0.14677123725414276,570.3813,-258.85776,687.7403,91.36766,-139.30951,94.382225
1775118891.3596032,25,0.27600669860839844,-0.6545741558074951,-0.31473761796951294,-0.6295182108879089,-365.48663330078125,-228.50381469726562,-1924.6107177734375,0.14846700429916382,570.3814,-258.8575,687.74146,91.3679,-139.30939,94.38214
1775118900.83617,26,0.15732930600643158,-0.7364428639411926,-0.2146066278219223,-0.6219674348831177,-373.5575256347656,-166.35812377929688,-1886.003173828125,0.1584613174200058,606.7753,-195.75055,697.23627,78.16783,-121.44076,108.940636
1775118900.8474438,26,0.15738052129745483,-0.7363878488540649,-0.21453885734081268,-0.6220428943634033,-373.5524597167969,-166.35836791992188,-1886.00634765625,0.15947693586349487,606.776,-195.74959,697.2366,78.16773,-121.44062,108.940834
1775118900.8583915,26,0.15751932561397552,-0.7366058230400085,-0.2144276350736618,-0.6217880249023438,-373.5500793457031,-166.36085510253906,-1885.9874267578125,0.15975353121757507,606.7754,-195.75021,697.23615,78.16769,-121.44068,108.94081
1775118900.8718088,26,0.15731820464134216,-0.7363836765289307,-0.21463020145893097,-0.622032105922699,-373.5579528808594,-166.36146545410156,-1885.983642578125,0.15860873460769653,606.7759,-195.74915,697.2366,78.16764,-121.44063,108.94093
1775118900.8822775,26,0.15754172205924988,-0.7365784049034119,-0.21435800194740295,-0.6218388080596924,-373.5634460449219,-166.3595733642578,-1885.963134765625,0.15819790959358215,606.776,-195.74889,697.23804,78.16792,-121.44047,108.94075
1775118900.8942893,26,0.1574023962020874,-0.736495852470398,-0.21451735496520996,-0.6219168901443481,-373.56353759765625,-166.3599090576172,-1885.9451904296875,0.16238273680210114,606.776,-195.74973,697.23724,78.16791,-121.44058,108.94067
1775118900.9078422,26,0.1573687493801117,-0.7365226149559021,-0.21457839012145996,-0.6218727231025696,-373.56072998046875,-166.36050415039062,-1885.916015625,0.1613653004169464,606.77594,-195.75009,697.2369,78.1677,-121.44055,108.940796
1775118900.9173722,26,0.157320037484169,-0.7364134192466736,-0.214620903134346,-0.6219996213912964,-373.5629577636719,-166.3623046875,-1885.9312744140625,0.16198736429214478,606.7766,-195.74918,697.2381,78.16798,-121.44042,108.940704
1775118900.9287388,26,0.1575017273426056,-0.7366098165512085,-0.21439491212368011,-0.6217989921569824,-373.5456237792969,-166.35955810546875,-1885.8922119140625,0.1607876569032669,606.7762,-195.7503,697.23755,78.16793,-121.44048,108.94063
1775118900.9427772,26,0.1575457900762558,-0.7364459037780762,-0.21435995399951935,-0.6219940185546875,-373.545166015625,-166.36293029785156,-1885.908203125,0.16199220716953278,606.7763,-195.74936,697.2395,78.16823,-121.44035,108.94045
1775118911.4174423,27,0.045723553746938705,0.6781279444694519,0.24248655140399933,0.6922803521156311,-359.326171875,-23.801624298095703,-1863.1702880859375,0.19170710444450378,625.87805,-53.814384,681.3451,110.62301,-105.999725,94.85899
1775118911.4298742,27,0.045872412621974945,0.6781154870986938,0.24260380864143372,0.6922416090965271,-359.3294677734375,-23.800230026245117,-1863.1444091796875,0.1884034126996994,625.87805,-53.814903,681.345,110.62283,-105.99971,94.8591
1775118911.4447758,27,0.04583287239074707,0.678166389465332,0.24254190921783447,0.692216157913208,-359.3314208984375,-23.799358367919922,-1863.1171875,0.19304616749286652,625.8781,-53.814407,681.345,110.62283,-105.99971,94.859146
1775118911.45711,27,0.0458429753780365,0.678087592124939,0.24252229928970337,0.692299485206604,-359.33905029296875,-23.797990798950195,-1863.1358642578125,0.19850045442581177,625.8779,-53.814598,681.3454,110.62334,-105.999596,94.85867
1775118911.468896,27,0.04609894007444382,0.6778971552848816,0.24280481040477753,0.6923699378967285,-359.33612060546875,-23.799365997314453,-1863.129638671875,0.18682044744491577,625.8776,-53.814877,681.3462,110.62369,-105.99976,94.85834
1775118911.479676,27,0.045885927975177765,0.6780325770378113,0.24256670475006104,0.6923350095748901,-359.3290100097656,-23.795700073242188,-1863.1180419921875,0.18206292390823364,625.8788,-53.81472,681.3453,110.62299,-105.99963,94.85901
1775118911.4899702,27,0.04598751664161682,0.678179919719696,0.24269865453243256,0.6921376585960388,-359.3241271972656,-23.79328155517578,-1863.0859375,0.1820095032453537,625.8783,-53.811764,681.34686,110.6239,-105.999626,94.85844
1775118911.499507,27,0.04604976996779442,0.6780105829238892,0.24273356795310974,0.6922870874404907,-359.317626953125,-23.795101165771484,-1863.1170654296875,0.19008861482143402,625.8779,-53.812325,681.3466,110.62373,-105.999626,94.85855
1775118911.5119464,27,0.0460796132683754,0.6780548691749573,0.24284808337688446,0.6922016143798828,-359.31268310546875,-23.80057144165039,-1863.1025390625,0.18257655203342438,625.8784,-53.81321,681.34564,110.623405,-105.99962,94.85878
1775118911.5243125,27,0.046096280217170715,0.6782150268554688,0.24282822012901306,0.692050576210022,-359.31805419921875,-23.792945861816406,-1863.074951171875,0.1811220794916153,625.8776,-53.813652,681.34784,110.62414,-105.99953,94.85803
1775118921.0399787,28,0.16905814409255981,0.728684663772583,0.1334373950958252,0.650101900100708,-309.9129333496094,45.888916015625,-1843.723388671875,0.16452065110206604,643.9898,16.248184,633.3722,160.52496,-84.03776,45.636265
1775118921.0659926,28,0.1690097451210022,0.7286068797111511,0.13336172699928284,0.6502171158790588,-309.89593505859375,45.8885498046875,-1843.732666015625,0.1715000569820404,643.99005,16.248344,633.37085,160.52512,-84.03762,45.636112
1775118921.08022,28,0.16878052055835724,0.7287351489067078,0.13311102986335754,0.6501843333244324,-309.893310546875,45.88993453979492,-1843.705810546875,0.16755063831806183,643.9898,16.247942,633.37146,160.52547,-84.03774,45.63571
1775118921.1471257,28,0.16859106719493866,0.7285146117210388,0.13282763957977295,0.6505385041236877,-309.91705322265625,45.87643051147461,-1843.63134765625,0.17465528845787048,643.99023,16.24846,633.3711,160.52626,-84.03766,45.63493
1775118921.1658654,28,0.16857190430164337,0.728568434715271,0.13283827900886536,0.6504809856414795,-309.89434814453125,45.86824417114258,-1843.6004638671875,0.18157587945461273,643.9893,16.24777,633.3723,160.52519,-84.03777,45.63597
1775118921.178612,28,0.16851352155208588,0.7285892367362976,0.13278712332248688,0.650483250617981,-309.8814697265625,45.865638732910156,-1843.5509033203125,0.19455505907535553,643.99036,16.249968,633.37286,160.52438,-84.03788,45.636993
1775118921.1925962,28,0.1686137467622757,0.7284668684005737,0.13284176588058472,0.6505832076072693,-309.88824462890625,45.85655975341797,-1843.538818359375,0.19482159614562988,643.99023,16.248741,633.3718,160.52486,-84.03776,45.636387
1775118921.2030084,28,0.16868989169597626,0.7284924983978271,0.13297507166862488,0.6505074501037598,-309.8898010253906,45.85441207885742,-1843.5201416015625,0.18167181313037872,643.99005,16.248106,633.3721,160.52495,-84.0377,45.636223
1775118921.2153437,28,0.16886961460113525,0.7285125255584717,0.13320960104465485,0.6503904461860657,-309.8992614746094,45.85214614868164,-1843.491943359375,0.18982432782649994,643.9894,16.248974,633.3723,160.52446,-84.03768,45.636806
1775118921.2272818,28,0.16882893443107605,0.7284749150276184,0.13316038250923157,0.6504532098770142,-309.906005859375,45.85038757324219,-1843.4937744140625,0.1758185625076294,643.98987,16.248562,633.3729,160.52452,-84.03778,45.636696
1775118930.9334452,29,0.12312912195920944,0.6014898419380188,0.1934346854686737,0.7652660608291626,-375.301025390625,66.12074279785156,-1921.434326171875,0.227415069937706,564.75397,34.412647,694.9862,171.97166,-105.448296,35.508305
1775118930.9429173,29,0.12328266352415085,0.6015573143959045,0.1936831921339035,0.7651254534721375,-375.3109436035156,66.11859893798828,-1921.4246826171875,0.24518564343452454,564.7534,34.412727,694.9876,171.97162,-105.44849,35.508373
1775118930.9578302,29,0.12320959568023682,0.6015406847000122,0.1935994178056717,0.7651715278625488,-375.3305358886719,66.12339782714844,-1921.4205322265625,0.22846589982509613,564.75287,34.41281,694.98914,171.97229,-105.44859,35.50776
1775118930.970449,29,0.12321191281080246,0.6014949083328247,0.1935698240995407,0.7652146220207214,-375.3363037109375,66.12739562988281,-1921.447265625,0.2298174649477005,564.7519,34.412895,694.9905,171.97261,-105.44877,35.507473
1775118930.979524,29,0.12308208644390106,0.6015205979347229,0.19339865446090698,0.7652585506439209,-375.3294372558594,66.12918090820312,-1921.44580078125,0.21824654936790466,564.75183,34.4124,694.99133,171.97224,-105.448814,35.50784
1775118930.99066,29,0.12313760071992874,0.6016215682029724,0.19348791241645813,0.7651478052139282,-375.3265075683594,66.13177490234375,-1921.4476318359375,0.23477721214294434,564.75183,34.413303,694.99176,171.97269,-105.44884,35.507442
1775118931.0006258,29,0.1232096403837204,0.6014087796211243,0.19354450702667236,0.7652890682220459,-375.30963134765625,66.12722778320312,-1921.4736328125,0.22800667583942413,564.75104,34.4114,694.99335,171.97247,-105.44909,35.5075
1775118931.013135,29,0.12304893136024475,0.6015404462814331,0.19336794316768646,0.7652561068534851,-375.3074951171875,66.13327026367188,-1921.4749755859375,0.23315481841564178,564.7501,34.412487,694.9951,171.97261,-105.449265,35.507565
1775118931.024478,29,0.12328304350376129,0.6016291975975037,0.19366268813610077,0.7650740742683411,-375.3175964355469,66.12736511230469,-1921.4447021484375,0.24062462151050568,564.75006,34.411892,694.9947,171.97263,-105.44928,35.50746
1775118931.0354798,29,0.12316976487636566,0.6015380620956421,0.1935148686170578,0.7652013897895813,-375.3199157714844,66.12567901611328,-1921.4669189453125,0.22671076655387878,564.74884,34.41133,694.99646,171.9726,-105.44952,35.507504
1775118942.5108306,30,0.07858400046825409,0.7515856027603149,0.30635330080986023,0.5788706541061401,-249.31134033203125,159.66957092285156,-1842.534912109375,0.1636233925819397,643.3783,129.08289,572.2789,70.00303,-112.69123,143.87645
1775118942.5243764,30,0.07863960415124893,0.7516887187957764,0.3064254820346832,0.5786910653114319,-249.30856323242188,159.67283630371094,-1842.5177001953125,0.16059692203998566,643.37854,129.08432,572.27875,70.002754,-112.691284,143.87682
1775118942.5390182,30,0.0788283497095108,0.7517229914665222,0.3066439628601074,0.5785050392150879,-249.30882263183594,159.67864990234375,-1842.478515625,0.1464110016822815,643.37915,129.08275,572.27844,70.002846,-112.691376,143.87656
1775118942.548377,30,0.07920308411121368,0.7515743374824524,0.3070690333843231,0.5784215927124023,-249.3232421875,159.68553161621094,-1842.4779052734375,0.13343766331672668,643.37946,129.08179,572.2788,70.00295,-112.69136,143.87637
1775118942.5608335,30,0.07907099276781082,0.7516417503356934,0.3069687783718109,0.5784052610397339,-249.32080078125,159.68531799316406,-1842.48974609375,0.13309979438781738,643.37933,129.08313,572.2802,70.003044,-112.69123,143.87643
1775118942.5709994,30,0.07910601794719696,0.7516955733299255,0.3069959580898285,0.5783160328865051,-249.31600952148438,159.68780517578125,-1842.4912109375,0.12673230469226837,643.3791,129.08325,572.2799,70.003,-112.69115,143.87653
1775118942.5807552,30,0.07916013896465302,0.7516443729400635,0.3070411682128906,0.5783511996269226,-249.31341552734375,159.69143676757812,-1842.519775390625,0.12799111008644104,643.37946,129.08368,572.28,70.00318,-112.69121,143.87633
1775118942.5904276,30,0.07904393970966339,0.751842737197876,0.3069465160369873,0.5781594514846802,-249.29672241210938,159.69471740722656,-1842.495361328125,0.12715135514736176,643.3795,129.08511,572.27985,70.00302,-112.6912,143.87663
1775118942.600936,30,0.07911321520805359,0.7515885829925537,0.30700573325157166,0.5784489512443542,-249.29794311523438,159.68907165527344,-1842.5458984375,0.13118694722652435,643.37933,129.08441,572.27997,70.00307,-112.691246,143.87654
1775118942.610659,30,0.07905102521181107,0.7515496015548706,0.30688929557800293,0.5785698294639587,-249.30224609375,159.6883544921875,-1842.5615234375,0.13704754412174225,643.3792,129.08253,572.2808,70.00328,-112.6912,143.87617
